Personal Hate	এদের কারনে এলিয়েনরা পৃথিবীতে বেড়াতে আসে না।
Personal Hate	এই গান গুলা হুইন্না আমি এখন আমি পাবনা তে আসি
Personal Hate	ভাই, ছোট আজাদ, চুদনাপানা না করলেই কি না? 
Personal Hate	সব মাদার চোদ। সালারা তোদের কাছ থেকে কি শিখব 
Personal Hate	বাইরে থাক আর গুঁতাগুঁতি কর... 
Personal Hate	ইংলিশ এ Wiz khalifa Weed টানে আর বাঙালিরারা টানলেই দোষ ধইরা ফেল্লা
Personal Hate	আসোলে তুমি নিজেই বলসিলা বাংগালি না আমরা। জাতটাই ত খারাপ
Personal Hate	আর আমাদের এই খাইস্টা জাতের মধ্যে তুমিও পড় সো রক্ত ত মিশশা আসেই জিনিস টা
Personal Hate	শালা তুই সালমান রিদিয়া আসিফ,সব পাকনা,পাকনা পুলাপাইন 
Personal Hate	এসব আবাল গুলা আমাদের সুন্দর বিনোদন থেকে দূরে রাখে। 
Personal Hate	মোবাইলের দাম কমানো টা ঠিক হয়নাই এই কারনে গরু ছাগলরা মোবাইল কিনে এমন ভাবে বাংলা লেখে 
Personal Hate	ভিডিও বানানোর আর কোনো কিছু পাও না বুঝি, তাই এখন আসছো হুদাই ফাইজলামি করতে
Personal Hate	আমাদের দেয়ের ইউটিউবার গুলো কি পাগোল না ছাগল। এগুলোর তো পাবনাতেও জায়গা হবে না
Personal Hate	তুই কোন ভালো মানুষের বাচ্চা যে তুই অন্যের কাজ নিয়া সমালোচনা করিস।
Personal Hate	আবাসিক হোটেল নামক যেই নাটক টা করতেসিস, সেইটা দেখে মনে হয় তোদের জন্ম ওপেন রাস্তা ঘাটে হইছে। যার জন্য এমন নোংরামী করতে তোদের বিবেকে বাদে না। 
Personal Hate	আগে নিজে লুচ্চামি ছাড়, ভালো হ।মানুষের জন্য ভালো কিছু কর,তারপর অন্যদের উপদেশ দিস অথবা অন্যের কাজের সমালোচনা করিস।
Personal Hate	অসভ্য,লম্পট, নোংরা কোথাকার।
Personal Hate	দেখ চুদির ভাই title দিছে কি! এমনিই কি রোস্ট হয় সালারা। 
Personal Hate	এখন আমার হাগা হাইগা দিবি নইলে তুই ঠাডা পইরা মরবি
Personal Hate	মেধাহীন আবাল আর দেখতে চাই না.... । 
Personal Hate	তোমাগো মতো পোলা পানের জন্য আজ কে দেশের youtube এর এই অবস্থা
Personal Hate	শামীম হাসান সরকার আমি মনে করি না আপনার আছে দরকার।
Personal Hate	সব গুলো আজাইরা ভিডিও এক সাথে করে নিজে ফায়দা লুটে নিলেন।
Personal Hate	এর থেকে মাহফুজুর রহমান ও ভালো
Personal Hate	৩ নাম্বার মাল টার পাজামার ফিতা বের হয়ে আছে
Personal Hate	হেডার ঘরে হেডার মাইয়া বালের মাইয়া
Personal Hate	ওদের হোগায় বরিশাল এর আ ছোলা বাশ দেয়া হোক
Personal Hate	ভাই তোমারে তো চুরের মত লাগে.
Personal Hate	শালা আজাইরা ভিডিও বানাও কেন 
Personal Hate	সিয়াম একটা পাডার পো পাডা,
Personal Hate	ইসব রেপাররা গঞ্জিকা শেবন করে গান গাই তাই এই অবস্থা।
Personal Hate	এসব শিল্পীদেরকে বিশেষ পুরসকার দেওয়া দরকার
Personal Hate	মাদারচোদ আর মাগির দল 
Personal Hate	এখনকার পোলাপান রে কিছু কইলে যে কয় তারেই পাগল ভেবে নিজেকে বুদ্ধিমান ভাবতে থাকে। 
Personal Hate	আজাইরা আলাপ কম কইরা পারলে ভালা কিছু নিয়া কথা কইয়া দেখাইও ফাউল মিয়া
Personal Hate	এগুলা পাগলাগারদ এর বাইরে আসলো কিভাবে
Personal Hate	তুমি আবাল ছিলা আবাল আছো আর আবালই থাকবা
Personal Hate	দেশের মানুষ এই সব খবিশ দের সহ্য করে কিভাবে বুঝিনা ।
Personal Hate	কোন গ্রহের মানুল এরা ?
Personal Hate	ভাই এগুলারে পাবনার মানসিক হাসপাতালে ভর্তি করানো উচিত। 
Personal Hate	শালীর কথা শুনলে গা জলে তাকে দেখে মনে হয় সে মাগি
Personal Hate	আড়া চোদা রেপার গোরে পুটকি মারতে মন চায়
Personal Hate	সিফাত উল্লাহ এগুলো দেখাই ২য় বার হার্টফেল করবে
Personal Hate	Rap এর জগতে আপনার সালমান মোক্তাদির, সম্রাট ভাই এর চুলের কাছেও নাই
Personal Hate	আবালদের রেপ শুনে কান পছে গেছে
Personal Hate	মিয়া youtube এ subscribe পাও না তাই ওদের মতো মানুষ কে use কইরা subscribe নাও তোমরা
Personal Hate	টুকাই সালা এহন কোরিয়ান kpop hair style করতেসে
Personal Hate	সৌভিকের যে বন্ধু এখানে রিপ্লাই দিয়ে গালাগাল দিবে,তার মায়ের ভোদার ভিত্রে ধোন হান্দাইয়া কাম রস বাইর করমু
Personal Hate	তুই মরবি, হাসপাতাল নিয়ে যাবার জন্য সবাই কে ডাকবি কিন্তু কাউকে পাবি না, সবাই ভাববে প্রাংক। 
Personal Hate	কি যে আউল ফাউল ইংলিশ বলিস তোরা।বাংলাটাই আগে ঠিক মতো বলা শিখ হারামজাদা
Personal Hate	ভাই বাংলাদেশের যে এত্ত শিল্পীর উদয় হইছে আজ জানলাম।
Personal Hate	আরে মিয়া ভাই মুখটা অন্তত সাবান বা ফেস ওয়াশ দিয়ে ধুয়ে আস।
Personal Hate	দেরকে এ্যাওয়ার্ড হিসেবে পুরাতন বদনা দেওয়া হক। 
Personal Hate	এই বাইনচোদ টা কেমনে ক্যামেরার সামনে আসে,গরু পিটানো লাঠির মাইর খাইয়া হয় নাই!!? 
Personal Hate	জেফারের মাথা কামাই দিতে ইচ্ছা করে 
Personal Hate	Azaira যেটা পারো না সেটা চেস্টা করো কেন হুদাই
Personal Hate	আমার হেডার prank কল
Personal Hate	বালডা বাংলায় কইলে কি হেতির বাল ছোট হইয়া যাইত!
Personal Hate	এই কুত্তাডারে এই channel a কে আনছে???
Personal Hate	আর কি বালের prank call এই গুলা। 
Personal Hate	তর কালো পাছার দাগ কি গেছে
Personal Hate	বাল গুনে ছেড়ে দিলেও ম্যাগাজিন অনুষ্ঠান। 
Personal Hate	তৌহিদ,সালমান,এই বর্তমানে যেটার ভিডিও দেখছি এই ফকিন্নির নাম জানি না,এনিওয়ে সবগুলার চ্যানেল আনসাবস্ক্রাইব করতেছি।
Personal Hate	সব বলদের বলদা মার্কা প্রশ্ন।
Personal Hate	শালা বাঞ্চত বালের ভিডিও বানাস।
Personal Hate	জংলি মুরগির বাচ্চারে একটু দেখি
Personal Hate	আর মানুষ পাইলি না xefar বালডা রে কল দিছোস 
Personal Hate	শালা রাজাকারের বাচ্চা আর মাগি
Personal Hate	বাশডলা খেয়ে বলে আমি কি করছি, আমি কি করছি।,আবুইল্লা হালা 
Personal Hate	কুত্তার গু মার্কা প্র্যাঙ্ক কল এর ভিডিও করে
Personal Hate	যেমনে খারাপ কথা কস...ঘর থেকে বের করে দিবে..
Personal Hate	স্পর্শিয়া সে কি মহিলা নাকি অন্যকিছু আমার এনাফ ডাউট আছে।
Personal Hate	তোমার বাল আমার বাল।আর কিছু কমু না।আবাল শালা
Personal Hate	আবালের ইংলিশ শালা
Personal Hate	শামিম ভাই আপনি একজন চরম চাপাবাজ
Personal Hate	তোরে এক্কেবারে চোরের মতো লাগতেছে
Personal Hate	গরুর হাটের ধোলাই ও মাফ চাওয়াটা কেমন ছিলো!!! আবাল? 
Personal Hate	কিরে শালার বাচ্চা বাশের বারির বেথা কি কমে গেছে যে আবার আবলামু করতে আসছিস
Personal Hate	শেষের টা খানকীর পোলা
Personal Hate	ভুদার ভিতর ধোন 
Personal Hate	বাঁশ বাগানের মালিক কি চেটের বাল
Personal Hate	খবিস মাইয়া মাথায় 10 তালা বিল্ডিং নিয়া গুরে.
Personal Hate	বিচারক মহিলাটা তো দেখতে ইদুরের মত আবার অন্য মেয়েদের কাপড় নিয়ে কথা বলে।
Personal Hate	বোকাচোদা মাগীর মাগী চোট্টা আজাদ,
Personal Hate	এত বাজে অভিনয় আর বাজে বিষয় নিয়ে কেন যে বঙ্গবিডি কাজ করতে দেয়
Personal Hate	হাহাহ... সব আবাল বাংলাদেশ এ
Personal Hate	কোরবানির হাটে বারি খেয়ে। বালের কনটেন্ট বানায়। হিজরায় 
Personal Hate	কিরে তুই কি পাবলিকের কমেন্ট পড়স না,তোরে তো কেউ দেখতেই পারে না,
Personal Hate	তুই youtobe থেকে বিদায় নেস না কেন.. 
Personal Hate	এই ছাগল টাকে দেখলেই থাবড়াইতে মন চায়। 
Personal Hate	সনিকা মাগী বাঙালি নামের কলঙ্ক 
Personal Hate	আচ্ছা ভাই তোমাকে কি ছিলা বাঁশ দিয়ে পিটাই ছিলো নাকি আছিলা আইমিন আইক্কাওআলা বাঁশ দিয়া পিটাইছিলো? 
Personal Hate	শরম নাই শালা লুইচ্চাগো 
Personal Hate	শালা নুচ্ছামির আর জায়গা পাস না। 
Personal Hate	আমি কী করছি আমারে মারেন কেন??
Personal Hate	ফালতু মাইয়া কি গায়ে দিছে 
Personal Hate	স্পরশিয়ার কি পিরিয়ড চলছে নাকি? পায়ের উপ্রে লেগ তুলে বসে আছে এভাবে
Personal Hate	মাদারচোদ বাঙ্গালি কালচার নষ্ট করছে,
Personal Hate	পারে না কথা বলতে এর আবার উপস্থাপনা করে।
Personal Hate	সৌভিক ভাই আপনার হেয়ার স্টাইল টা কি আপনার গার্লফ্রেন্ড এর থেকে কপি করলেন নাকি 
Personal Hate	Bong আর কত দিন এই বাইনচোদ দের নিয়ে চালাবে
Personal Hate	মাইরটা তোর খাওয়া উচিৎ
Personal Hate	সৌভিক তোর কালো পাছার দাগ টা কি গেছে??
Personal Hate	বাংলাদেশ টা ওদের মত কিছু লোকের জন্য দেশটাকে ডুবিয়ে গেছে
Personal Hate	বাঁশ কিন্তু তোমার জন্য রেডি আছে, শুধু তোমারে আবার বাডে পাইয়া লই........ কুত্তার বাচ্চা। 
Personal Hate	যতসব নোংরা বেপার উপস্থাপন করে।
Personal Hate	এই সৌভিক কাউয়া চুদা ছাড়া কি অন্য কোনো আর্টিস্ট নেই?
Personal Hate	কি কুত্তা গেও গেও করেছ কে 
Personal Hate	আসিফ হারামিরে দেখলে মাথা গরম হইয়া যায়...
Personal Hate	পোলা গুলি কিচ্ছু বুঝে না ধুকাইবার আগেই কাম শেষ ফালতু কথাকার 
Personal Hate	সব,পাগল,ছাগল
Personal Hate	বিয়ে তো করছে এক মক্কল বেডারে যেন বাইরে বাইরে ইত্রামি করতে পারে।
Personal Hate	বালি সোদাও না আবার বাংলায় জন্মগ্রহন করা মারাইছ কেন?
Personal Hate	পছন্দ করার মত একটা নায়িকা ছিলো কিন্তু এখন ওরে কুত্তা দিয়া চোদাইতে মন চাইতেছে 
Personal Hate	মেয়েগুলাও নিমনিমা বেশ্যা আর শয়তান,
Personal Hate	যে কমেন্টের রিপ্লাই দিয়া সৌভিকের চামচামি করবে,তার মাকে আমি কন্ডম ছাড়া চুদি
Personal Hate	যেই মাইজ্ঞা হালায় বিয়া করছে ওই হালায় সাগর পাইছে
Personal Hate	সাজু কুত্তার বাচ্চা ওর জন্ম পতিতালয়ে ।মাদারচোদ 
Personal Hate	ফাক ইউ ব্লাডি সাজু খাদেম। 
Personal Hate	টোটালি একটা পাগলের কারখানা, ছাত্র-শিক্ষক দুইজনে পাগল,
Personal Hate	মাদারচুদ তরে দেখলেই মেজাজ খারাপ হয়ে যায়
Personal Hate	বিচারক মেয়েটা কে আমার কাছে নিয়ে আসো,আমি তাকে ধরে সিফাদু থেরাপি দিবো..
Personal Hate	বিচারক শালির বেটি মনে হয় Wish এর বাংলা জানে না।
Personal Hate	প্লিজ কেউ কন্ড়ম চারা ওরে চুদবেন্না
Personal Hate	এই জংলী প্রাণিটার নাম কি।মাথায় আওয়ামি কাউয়ার বাসা।
Personal Hate	ওকে প্রশ্ন করা উচিৎ চিলো,এই অডিসনে এই পজিসনে পোচাতে কয় টা খাটে রাত কাটাতে হয়েছে।
Personal Hate	মনটায় চায়তাছে তরে পাবনার পাগলা গারদে নিয়ে চুদাই 
Personal Hate	শফিক তর গাল দে কে মনে হয় তুই গাজা খাস 
Personal Hate	জাজ রাইতো আসল মূর্খ 
Personal Hate	ইমিকে সিফাত উল্লাহর কাছে পাঠিয়ে দেওয়া হওক পাছায় বেতের বাড়ি মারার জন্য
Personal Hate	সিয়াম ভালো টায়া মাগি ফালতু পাশের ছেলেটা ও ভালো
Personal Hate	মজিব কন্ডম টয়া খবিস 
Personal Hate	চুতমারানি ছিরতে পারনা ভেড়ীর বাল লাফ দিয়া ধরো মাইনসের বাল।
Personal Hate	মাগী তুই কি ভুলে গেলে যে তুই টিভির সামনে বসে কথা বলছিস
Personal Hate	আল্লাহ, আসিফের নুনু তুমি আরো ছোট কইরা দাও এইসব মাগীদের ইন্টারভিউ নেয়ার জন্য! 
Personal Hate	এরা স্বাভাবিক মস্তিকের মানুষ না 
Personal Hate	এই মাগির মুখে বাংলা ভাষা মানায় না। 
Personal Hate	এই শুয়োরছানা বাংলাদেশে কার চোদা খাওয়ার জন্য পড়ে আছে ? 
Personal Hate	বালের আবালের মত খালি ইংলিশ মারাও না! 
Personal Hate	এগের না চুদে ভাত খাওয়া যাই।
Personal Hate	এই ছামারের বাচ্ছারা, এটাকি ফ্যামেলি নিয়ে দেখার মত ভিডিও
Personal Hate	ভাই এই আলি জি-স্টার (আবাল-স্টার) রে আর কত পচাববেন
Personal Hate	পাছায় বারি খাওয়ার পর শোওফিকের prank করতে ভাল লাগে!!!
Personal Hate	তোমার দুধ বড় কেনো.
Personal Hate	মাগি আল্লাহ ওর নাম নিস কেন এই নস্টা মুখে 
Personal Hate	আল্লাহই জানে এইডা ওই বলদ হাজব্যান্ডের বাচ্ছা কি না অন্য কারোর.
Personal Hate	ফকিন্নি যদি জাজ হয়,তাহল এমনই হইবো 
Personal Hate	চটি আজাদ পতিতালয়ের বাচ্চা,
Personal Hate	মাগি দের জন্য দেশ টা নষ্ট হয়ে যাচ্ছে 
Personal Hate	খানকি মরলে বুজবি।
Personal Hate	বাংলাদেশে যদি কোন খানকি থাকে সেইটা হলো টয়া
Personal Hate	মাইর গুলা কেমন লাগলো৷ বাশ এর বাড়ী 
Personal Hate	খানকি মাগি নডির পুলা মায়ের সামনে ভিডিও চালু করসিলাম আর তর বালের আহ সাইন্ড আইসা পরল।
Personal Hate	ইজ্জত আর রাখলি না খানকির পয়দা 
Personal Hate	বিয়ের কয় এক মাসে যদি বাচ্চা হয়ে যায় তাইলে তো শালী দশ বেটার লগে ঘষাঘষি করছে 
Personal Hate	বড় বড় সেলিব্রিটিরা তোর মতো নোংরামি করে না রে অসভ্য বেহায়া হারামজাদি সনিকা।
Personal Hate	এই ইন্টারভিউ দেখার পরে মনে হচ্ছে সোনিকা একটা মাগী! 
Personal Hate	ফান আর নোংরামীর পার্থক্য আছে যেটা আপনার শিখা উচিৎ।
Personal Hate	ক্লাসলেস পিস অফ শিট! 
Personal Hate	আর আসিফ তোর নুনু এই কারনেই ছোট
Personal Hate	তুই মাগীবাজি না করলে আল্লাহ তোর নুনু বড়ই রাখতো।
Personal Hate	মাদারির চোদরে লাথি মেরে বেরকরে দেওয়া দরকার ছিলো
Personal Hate	তোদের মতো কুত্তার বাচ্চারা সোনিকার মতো মেয়েরা পাইলে শিওর গ্যাংব্যাং দিবি
Personal Hate	মাদারিচোদ কতবড বেয়াদব 
Personal Hate	মাগি ডা অনেক সেক্সি হয়ে গেছে
Personal Hate	মাগির দাত কিন্তু হলুদ 
Personal Hate	দূর কেন যে টয়লেটে বসে তর ভিডিও দেখতে গেলাম এখন আমার হাগায় বন্ধ হয়েগেছে।
Personal Hate	ছোটি আজাদ খানকির পোলা
Personal Hate	ওর জামাই টা কি বোকাচোদা
Personal Hate	অন্যের বাচ্চা ঘারেনিছে,তাও আবার জারজ 
Personal Hate	এইসব চোদমারানির পোলারা এত পচানি খায় তাও শিক্ষা হয় না!
Personal Hate	নাটকের ভালো একজন অভিনেত কে কাকে বললি সালার মাদার চোদ 
Personal Hate	ফালতু মেয়ে নিয়ে ফালতু পেচাল 
Personal Hate	ভালগার প্রশ্ন বাদ দিয়া ভালো কন্টেন্ট বানাতে চেষ্টা কর। 
Personal Hate	এই মেটা দেমাগি এরে শোদা দরকার না ভাই
Personal Hate	আমাদের ঘৃনায় তোদের কিছু হবেনা কারন তোরা জারজ
Personal Hate	একবার জদি তোরে সামনে পাইতাম,হাজার পাবলিকের মাঝখানে, তোরে লেংটা করে দিতাম,
Personal Hate	কি সব বাল সাল, সোনিকা ধুর ক্ষ্যাত
Personal Hate	শেষের কথা টা মাদার চোদে কি বলে 
Personal Hate	কোইটা লগে চোদা খাইচত
Personal Hate	আশা করি নেক্সট টাইমে বনানি থেকে কোন মাগী ধরে এনে তার ইন্টারভিউ নিবেন
Personal Hate	বস্তাভর্তি মেকাপ নিয়ে বালের কনভারসেশন নিয়া বসছে।
Personal Hate	তুই তো কারো পায়ের জুতো হওয়ার ও যোগ্য না আর ভাব লস ?
Personal Hate	ওই কুকুরের বাচ্চা মেয়ে দেখলে দন খারা হয়ে যাই নাকি সালার 
Personal Hate	তুর মায়ের ফুটকির বিতরে ডুকাই দেব মনে রাকিস সালার বেটা
Personal Hate	বাঙালি হয়ে ইংরেজী বেশি বলাতে লাভ টা কোথায়?? 
Personal Hate	শুকারের বাচ্চার লিঙ্গ কেটে 100ভাগ করব। 
Personal Hate	বুক দেখলেই বুঝা যায় কত জনে চুষছে আর টিপছে
Personal Hate	শূয়রের বাচ্চা রে মন চায় লাত্থি দিয়া বাংলাদেশ থেকে বের করে দিই।
Personal Hate	সব গুলা মাদার চুদ। 
Personal Hate	কিন্ত কথা হল এই মাগি রে বিয়ে করসে কে
Personal Hate	মাগিটারে সাকিব খান কাজের মেয়ে হিসেবে রাখাবে না।
Personal Hate	ঠিক মতো বাংলা বলতেই পারে না।সে আবার ডি জে।
Personal Hate	জত্তসব ফালতু চুদা কারবার, 
Personal Hate	এনারে তো pronstar মনে হইতাছে। 
Personal Hate	চুতমারানি একটা ... ইচ্ছা হইলে পর্ণ দেখব কিন্ত ওর গান না
Personal Hate	মাগিরে কুত্তা দিয়ে চুদানো দরকার। বাইর হ বাংলাদেশ থেকে তুই
Personal Hate	বুকের দুই পাশে দুই টুকরো ছিড়ে ফেললে আরও সুন্দর ও সেক্সি লাগত। 
Personal Hate	রাস্তার মেয়ে...পতিতার চেয়ে খারাফ।
Personal Hate	যদি জারজ না হয়ে থাকিস, তাহলে দয়া করে ভাল হয়ে যা 
Personal Hate	সনিকা যে একতা prostitute তা আপনার শো তে এসে প্রকাশ করল ।
Personal Hate	ফুল পর্ণ ভিডিও দেখাইয়া কস ইন্টারভিউ।
Personal Hate	লজ্জা পানির লগে মিশাইয়া খাইয়া লাইছে নাকি বুজতাছিনা।
Personal Hate	ইউটিউব নোংরা বানানোর কারিগর...
Personal Hate	বাঙালি না থাকলে উনি ন্যাংটা হয়ে খোলা আকাশের নিচে tot tot করতেন সম্ভবতো।
Personal Hate	তোদের তো চুদেই তো টাকা দেয়।
Personal Hate	সোভিকের মত ফালতু চুদা আর নাই 
Personal Hate	বাংলায় কথা বলতে কি আপনার কষ্ট হয়?
Personal Hate	মাগির চিহারা দেখলে পিটাতে মন চায়
Personal Hate	মাদারচোদ। হেটার পাছায় ভইরা দিমু। 
Personal Hate	ছুরি একটা মাগি!!
Personal Hate	তুই তোর মার পুটকি মার খানকির পুত 
Personal Hate	এটা মেয়ে না। ইহুদির বাচ্চা।
Personal Hate	আসিফের বাপে ওরে একটা আবাল হিসাবে পয়দা করছে
Personal Hate	তোমরা নুডিরা বাংলাদেশে ঝামেলা সৃষ্টি করতে যথেষ্ট!!!!
Personal Hate	কি বাজে Voice!! এই বেডি Autotune ছাড়া গানের দিকে আইলো কেমতে?? 
Personal Hate	এই সব পতিতা মানুষিকতার মেয়েরা আমাদের দেশের আবর্জনা
Personal Hate	আই হায় কি ভাব চুদায়, তুই আমার লাওরার ভিজা বাল।
Personal Hate	তুই ২০ টাকার খানকির চেয়েও নষ্ট মাগি। 
Personal Hate	হালার গরের হালা বাবা খোর
Personal Hate	ইউটিউবার দেখছি এমন বক্সচুদ ইউটিউবার তো দেখি নাই কখনো।
Personal Hate	ফেমিলি সো শালার তোর ভিডিওর শুরুতে আহ সাউন্ড।
Personal Hate	আবাল এইগুলোও তোর কাছে লোক হাসানো প্রশ্ন মনে হয়??
Personal Hate	ভালো কোন অনুষ্ঠানে যত সব মূর্খদের দাওয়াত করে। 
Personal Hate	সব গান গঞ্জিকা খাইয়া গাইছে হ্লা আবাল চুদারা
Personal Hate	দুইটাই পতিতালয়ে জন্ম নেয়া অবৈধ বেয়াদবের বাচ্চা! 
Personal Hate	ফালতু উপস্হাপিকা। বেশি নেকামি করে। 
Personal Hate	এই একটা মেয়ের গলা হুনলেই বমি আইসা পরে
Personal Hate	এই সব পাগল ছাগল ও ইন্টারনেট এ দেখতে হয়। 
Personal Hate	খাচ্চর মানুষ গুলার খাচ্চর মার্কা কথাবার্তা।
Personal Hate	মিস মূর্খ বাংলাদেশ প্রতিযোগিতা । 
Personal Hate	আরে হালার পোত ও মাতারি ইংলিশ মাড়াচ্ছিস ইংলিশেই মারা
Personal Hate	মাদার চোদ আরেক জনের গান নিয়ে মজা চোদাও MC MC mc 
Personal Hate	আজ একদম সিওর হলাম ওর কোন ইজজত নাই 
Personal Hate	খানকির পোলাগো ভাষা দেখো 
Personal Hate	দুধ গোলা এত্ত বড় করে পেলছে কেমনে?
Personal Hate	গলা শুনলে মনে হয় মুখে ধোন ভইরা রাখসে। 
Personal Hate	লুচ্চা খানকির পুলা
Personal Hate	মাগি ছাগলের ডিম ডুকাইয়া দিমু 
Personal Hate	কয়দিন পর চুদতে চুদতে বলবে তারা ফান করছে
Personal Hate	তুই একটা মাগির পোলা 
Personal Hate	ভাইয়া এই সব পাগল দেরকে নিয়ে আসেন কেন। 
Personal Hate	পয়দা হওয়ার পর যত গালী শিখছি সব ওর স্পর্শীয়ার গুদে দিয়ে দেব।
Personal Hate	ছোটা আজাদ আর স্পর্শিয়া দুইটারেই কাঁটা জিগারের চেলি দিয়া বাইড়ানি দরকার!
Personal Hate	ছিছিছি এই মেয়েটা এত নোংরা ভাপ্তেও পারিনা।
Personal Hate	মাগী টা চুদা খায় নিয়মিত মনে হচ্ছে। 
Personal Hate	"আপনার নাম যে কেন সবাই ""চটি আজাদ"" রেখেছে, তা আজ বুঝলাম। "
Personal Hate	যদি এমন হতো.তাহার দুই হাতার বদলে বুকের জায়গায় ফুটো থাকে
Personal Hate	এই বালপাকনা মাগী রে নিয়া আজকের এপিসোড টা বরবাদ করলেন।
Personal Hate	খানকির পুতেরা। কুত্তা দিয়া পুন্দামু মাংগের পোলা 
Personal Hate	সেক্স কোরে তার পর ভিডিও দে লাইভ এসে!! 
Personal Hate	দুদমারানি-দুদমারানি-দুদমারানি'। 
Personal Hate	কত জন যে চুদছে মাগীর ভোদাতে, স্পর্শীয়া মাগী। 
Personal Hate	এই সব বাইনছোদরে গারানো দরকার 
Personal Hate	বালের ব্যাকগ্রাউন্ড মিউজিক লাগাইসো 
Personal Hate	লাত্তি মেরে স্টেজ থেকে বের করে দেওয়া উচিত 
Personal Hate	বোকা চোদা বাইঞ্চদ সৌভিক কাইল্লা 
Personal Hate	Hiii লুইচ্চা আজাদ? কেমন আছো bro
Personal Hate	আসলে তোমার তো মা ও বোন নেই,
Personal Hate	মাগি আগের থেকেই বাধাই রাখছে আর কই পরের মাসেই বাধছে.
Personal Hate	তোরাই সমাজ নস্ট করিস,
Personal Hate	এই মাগিকে দিয়ে বারা চুসানোর ইচ্ছা করতেছে 
Personal Hate	চোদনা এইটা বুঝি ফ্যামিলি শোও রে..
Personal Hate	রোবট টাইপের মাগি।
Personal Hate	পরিচয়ের আগেই চুদে দিলো... 
Personal Hate	তরে তো পোক (পুক্কি) মারে ছোট আজাদ ওর ছোট মেশিন দিয়া
Personal Hate	তুই কি পতিতালয়ে জন্ম্য নিছিস
Personal Hate	তর আম্মু আব্বু ওরা সবাই পতিতালয়ের,
Personal Hate	ভুলটা প্রশ্ন কর্তার। সে একটা উন্নত মানে ছাগী টাইপ 
Personal Hate	জামাই যদি বাচ্চা হয় তবে জামাই কে দুদু খাওয়া
Personal Hate	এদের আসলে মানসিক বৈকল্য ঘটেছে। 
Personal Hate	মাগীরে দেখলেই মেজাজ খারাপ হয়ে যায় 
Personal Hate	মাগি তকে আর ভালো qsn কি করবে 
Personal Hate	বাংলাদেশ তে ভাগ মাগি নাহলে তোর পাছায় লাত্থি দিয়া মায়ানমারের পাঠামু
Personal Hate	শালারপুতরা বললে বাংলাই বল খিচুড়ি বলিস না। 
Personal Hate	তোমাদের এ শো থেকে জেচিকা শনাম নের চটি দেখা অনেক ভাল 
Personal Hate	এই ম্যাইয়ারে হেমায়েতপুর থেইকা খোলা অবস্থায় ছাইড়া দিছে কেড়ায়!!
Personal Hate	কয় হেই বাংলাদেশি না হেই আবার বাংলাদেশের নিমক খাইয়া হারামিপনা করে
Personal Hate	কিরে ভোদায় কি জল এসে পড়ছে নাকি ভিজে গেছে বলতেছস??
Personal Hate	ব্রা বলে? হা হা হা শালা লুচ্চা
Personal Hate	তারউপর এটা কেমন টাইটেল দিছস তোর ভিডিওর???
Personal Hate	যারা বিচারক তারাই ছাগল তা যারা প্রতিযোগিতা তাদের কি অবস্থা হবে
Personal Hate	এসব ভালগার ভিডিও বানানো অফ কর। 
Personal Hate	মাগি তুরে কুত্তা দিয়া চুদান উচিত।
Personal Hate	ভাইব্রাদার এখন সফটপর্ণের চ্যানেল হইছে।
Personal Hate	মনডায় কয় মাগির বাচচারে টান দিয়া সাওয়া টা ছিড়তে পারতাম
Personal Hate	তুই শালায় এই ডি কি লাগাইছোস
Personal Hate	YouTube account খুলছোস ভালো কিছু বানা যাতে মানুষ দেখে
Personal Hate	গন জাগরেণ নিয়া চুইদা এইটার ভোদের রস বাহির করার দরকার
Personal Hate	আরে তুই তো বাজারের মেয়ে থেকেও খারাপ। 
Personal Hate	তোদের ভোদার রস যখন শুকিয়ে যাবে তখন তোদের কুত্তাও চুদবেনা 
Personal Hate	বাঁশ এর বাড়ি আবার খাবি নাকী গরুর হাটে 
Personal Hate	ছোট আজাদের মরিচ আসলেই ছোট।
Personal Hate	দেখে মনে হচ্ছে চুরি করতে গিয়ে ধরা খাওয়ায় বাশের বাড়ি খেয়েছ।
Personal Hate	বাংলায় ভোদা বললে দোষ আর ইংলিশ এএ Pussy শুনতে খুব ভালো লাগে একেবারে মন ভইরা সোনা খারায়া যায় না?
Personal Hate	বান্দির পুতকেতো দেখতে ফকিন্নি লাগে।বস্তির পুলা,শালা টুকাই। 
Personal Hate	এই কুত্তার বাচ্চা এটা কি ইংলিশ অনুষ্টান মাদাদর চোদ
Personal Hate	এর যদি ভিডিও বাহির হয়,প্রভার চেয়ে ও বেশি চিল্লাই বো,
Personal Hate	চুল মডেল এইটা। দেখলেই রাগ উঠে।
Personal Hate	হ... বাংলাদেশের চ্যানেলে তোর বাল চালাবে... 
Political Hate	স্বাধীনতার ঘোশনা কে দিয়েছিলো তোর বাপ তাহলে তুইতো তোর বাপের স্তান না রে সালা
Political Hate	দেশের জনগণের কাছে তাদের গ্রহণযোগ্যতা নেই, জনগণের সঙ্গে কোনো সম্পৃক্ততা নেই । : ওবায়দুল কাদের
Political Hate	মইনুল রাজনৈতিকভাবে চরিত্রহীন: হাছান মাহমুদ
Political Hate	আগে নিজেদের চরিত্র ঠিক করে তারপর অন্যদের সমালোচনা করুন । : হাছান মাহমুদ
Political Hate	প্রকৃতপক্ষে আপনি রাজনৈতিকভাবে চূড়ান্ত চরিত্রহীন । : হাছান মাহমুদ
Political Hate	নির্বাচন কমিশন তো নিজেরাই বিভক্ত হয়ে পড়েছে । : মির্জা ফখরুল
Political Hate	ইসি এই দায়িত্ব পালন করতে পারে না । : মির্জা ফখরুল
Political Hate	আমরা প্রথম থেকে বলে এসেছি, এই ইসি যোগ্য নয় ।  : মির্জা ফখরুল
Political Hate	এরা কাজ করতে পারবে না, নির্বাচন করতে পারবে না । : মির্জা ফখরুল 
Political Hate	নির্বাচন কমিশনের নিজস্ব কোনো ক্ষমতা নেই । : মির্জা ফখরুল
Political Hate	যে সরকার ইতিমধ্যে সব প্রতিষ্ঠান দলীয়করণ করেছে, সেই সরকারের ব্যক্তিদের দিয়ে নির্বাচন পরিচালনা অসম্ভব । : মির্জা ফখরুল
Political Hate	কমিশন সচিবের কথা শুনলে মনে হয়, তিনিই প্রধান নির্বাচন কর্মকর্তা । : মির্জা ফখরুল
Political Hate	প্রধান নির্বাচন কমিশনারকে মনে হয়, সবচেয়ে অসহায় ব্যক্তি । : মির্জা ফখরুল
Political Hate	সকালে একটা বলেন, বিকেলে আরেকটা বলেন ।  : মির্জা ফখরুল
Political Hate	সাত দিন আগে এক কথা বলেন, আর সাত দিন পরে আরেক কথা বলেন । : মির্জা ফখরুল
Political Hate	এই ইসির অধীনে কীভাবে একটি সুষ্ঠু নির্বাচন হবে? : মির্জা ফখরুল
Political Hate	সিইসির এখতিয়ারটা কী? আওয়ামী লীগকে ক্ষমতায় বসিয়ে দেওয়া তাঁর (সিইসি) এখতিয়ার?: মির্জা ফখরুল
Political Hate	খালেদা জিয়াকে জেলে আটকে রাখবেন, আর আপনি নির্বাচন করবেন, এই নির্বাচন হবে না, মানুষ মেনে নেবে না । : মির্জা ফখরুল
Political Hate	ঐক্যফ্রন্টের মাধ্যমে সরকারের পতন হবে । : মওদুদ আহমদ 
Political Hate	মাইি অতি চালাক । অতি চালেকের গলায় দরি । হা হা হা 
Political Hate	এগু লো বি এন পি র বিরু দ্ধে মা হির চক্রান্ত 
Political Hate	জাতীয় ঐক্য প্রক্রিয়া থেকে ছিটকে পড়ে মাহি'র চুলকানী শুরু হয়ে গেছে । 
Political Hate	মাহি এবং তার বাবার জামাতের ১,ইউনিয়নের ভোট ও নেই
Political Hate	দুই জাতীয় বেঈমানকে বের করে দেয়ার পর চুলকানী শুরু হয়েছে । 
Political Hate	বিড়াল শুটকির নাগাল না পেলে বলে পরের হক্ব খাইনা
Political Hate	শালা বাপ বেটা দুজনই রাজনৈতিক এতিম । 
Political Hate	মাহি বি দুই বাব বেটা মিলে ১টা আসন পাবেনা,তার আবার বড় বড় কথা,
Political Hate	মাহির কথায় বুঝা যায় যে এই ফোন আলাপ সাজানো এবং সরকারের নির্দেষ অনুযায়ী 
Political Hate	মাহির কারনে তার বাপের এইদশা
Political Hate	বাল পাকনা ভালো .এত বেশি বাল পাকনা ভালো না. 
Political Hate	এই বি মাহি মার্কা লোকের কোন দরকার নাই । । । 
Political Hate	এইটা বুযতে হবে জাতিতে এই সব কাউয়া কাদিরার সাজানো নাটক
Political Hate	সরকার এর সাথে আতাত করে ঐক্য নিয়ে চক্রান্ত তো আপনারা বাপ বেটাই করছেন মি: মাহি!
Political Hate	বাপ বেটারে আরো আগে লাতি দেওয়া উচিৎ ছিল 
Political Hate	মাহির মতো গাদা না থাকলে ঐক্যের কোন সমস্যা হবে না । 
Political Hate	মাহি তুই কুকুরের মতো গেউ গেউ করোছ কা, শালা দালাল চক্রের মধ্যে তুই একজন 
Political Hate	মাহীবি একটা ভেদধব ইস্টপিট 
Political Hate	মাহি বি চৌধুরী আওয়ামী লীগের দালাল
Political Hate	মাহী তুই একটা হাইওয়ান 
Political Hate	এগুলি সব এডেটিং করেছে মাদার চুদের সরকারের দালাল রা । !
Political Hate	মাহি বি চৌধুরী একটা দালাল এইটা সহজ ভাবে বুজতে পারা আর বাকি রইলোনা সো সেড 
Political Hate	এটা হচ্ছে মাহির এবং সরকারের আরেকটা চাইল । 
Political Hate	আপনারা দেশকে ভালবাসেন না, আপনারা অনকে লোভি । 
Political Hate	মাহী বেশী চুল পাকনা লোক
Political Hate	বাপ বেটা মিলে নতুন দালালী শুরু করছিলো 
Political Hate	মাহি কোন চেটের বাল মেম্বার হোওআর জুগগোতা আসেনি সাউআর পুতের 
Political Hate	মাহি যে ব্যক্তি একটা মেম্বার হওয়ার যোগ্য না বেটা বেশি পটর পটর করে 
Political Hate	চাগল দিয়ে যেমন হালচাষ হয় না এদেরকে দিয়ে কখনোও দেশ চলবেনা 
Political Hate	মাহি তোর মুখে আল্লাহর নাম মানায় না কারণ তো ইসলাম বিদ্বেষী 
Political Hate	মাহির আচরণে ছাগলের ৩ নাম্বার বাচ্চার মত লাগছে । 
Political Hate	মাহি বি চৌধুরী জাতীয় বেইমান, 
Political Hate	মাহী চৌ বাস্ট্রার্ড ,ইন্ডিয়ান সৌর হাসিনার দালাল,
Political Hate	মাহি পাগল হয়েগেছে । 
Political Hate	মাহি বর্তমান রাজনীতিতে আওয়ামী লীগের চামচামী করতেছে । 
Political Hate	মাহী তুই মাগীর ছেলে জারজ 
Political Hate	ঐক্যটাকে ধ্বংস করছে শয়তান মইনুল ইসলাম । 
Political Hate	মাহি শুয়োরের বাচ্ছা অটিস্টিক জয়ের এজেন্ট 
Political Hate	মাহি বি চোধুরী, এ তো দেখি পুরাই আওয়ামী দালাল । 
Political Hate	মাহি যে একটা বড় মাপের টাউট তা তার ক্ষিপ্ত ভাষা থেকেই বুঝা যায় । 
Political Hate	একজন মেম্বারের যোগ্যতা যার নাই অথচ কত্থা বলে ইচরে পাকার মতো । 
Political Hate	মাহি বাদ পড়ে মাথা খারাপ হয়ে গেছে । 
Political Hate	জামাত কি তোর মা বোনরে চুদছে মাদার চোদ 
Political Hate	জামাতের এক ইউনিয়নের জা ভোট আছে তোদের বাপ বেটার সারা বাংলাদেশে সেই ভোট আছেনি
Political Hate	শালা বাসটারড হাসিনার পাও চাটা কুত্তা 
Political Hate	২ সালারে, বেধে,জামা কাপড় খুলে,পাচার মধ্যে ক্রশ ক্রশ করে মারতে হবে, বেত দিয়ে
Political Hate	মাহি একটা মাগির চুদা । 
Political Hate	দালাল মাদারি,জামাতের একটা আসনের হাফ ভোটে ও পাবে না, 
Political Hate	মাদারি মাহি তুই কি ভদ্র??
Political Hate	তুদের কে বের ক রে দেয়াই খুব ভাল করছে, 
Political Hate	মাহি বি চৌধুরী একজন স্টুপিড, হেই একটা বাস্টার্ড.
Political Hate	আরে বেটা মাহি গাবি না কিনে বালতি নিয়া চিন্তা করস 
Political Hate	তোরা নির্বাচন করলে তোমরা দুই আসনে পাবি না
Political Hate	ছেটের,বাল,একছিট,পায়র,যৌগ্না,15o,ছিট,ছায়,ছেটের,বাল
Political Hate	মাহিরে চুদার সময় আছে বাঙালির....
Political Hate	মাহি বি চৌধুরী একলা হয়ে এখন কুত্তার মতো ঘেউ ঘেউ করতেছে 
Political Hate	সামনে জুতা পেটা অপেক্ষা করতেছে মাহি । 
Political Hate	আওমীলিগ আর কতো অভিনয় করবি মাদার চোদ্দ আওমীলিগ 
Political Hate	খানকির পোলার সরকারের দালালরা তোদের এখন এগুলা ছাডা আর কোন কাজ নাই 
Political Hate	মান্নাদের আসল উদ্দেশ্য ফাঁস করে দিসে নতুন প্রজন্মের মাহী চৌধুরী.. 
Political Hate	মাহি মার্কায় ১৫০আসন চাই । এখন বেশি করে খা 
Political Hate	বি চৌধুরীর নাম নিশানা ডুবিয়ে দিতে মা চৌধুরী যথেষ্ট । 
Political Hate	এইসব ঐক্যধারীরা বাংলাদেশের একটা ওয়ার্ডের চৌকিদার হওয়ারো যোগ্যতা রাখে না । 
Political Hate	মাহি কি বাংলাদেশের চ্যাটের বাল যে তাকে ছাড়া ঐক্য হবে না
Political Hate	এই জোট চাইনিজ মালের মতো যেকোনো সময় রং চলে যেতে পারে 
Political Hate	মাহী নিজেকে বড় আব্দুল্লাহ্ মনে করে । নিজের ভোট নাই ১০ টা 
Political Hate	বাপ-বেটা নিজেদের বাদ দেয়াকে রাষ্ট্রবিরোধী ষড়যন্ত্র বলছে । নিজেদেরই রাষ্ট্র মনে করে নাকি? 
Political Hate	বাল চৌধুরী এতো কথা বলে ক্যান! সরকারের দালাল 
Political Hate	ওদের কে বাংলার মুসলমান মরলেও জানাজা দিবেনা ওরা মুনাফেক । 
Political Hate	মাহি বাজেচৌধুরী.ফালতু লোক মাহি । 
Political Hate	মাহী সে মানুষ টা বেশী ভাল না । 
Political Hate	মাহি কে আরো আগে বাদ দেয়া দরকার ছিল সালা খেলপ 
Political Hate	মাহি তুই খানকির পোলা তোর বাপ মাগির পোলা শালা দালাল 
Political Hate	কিরে খানকির পোলা এই কথাগুলোর মধ্যে রাষ্ট্র বিরোধী ষড়যন্ত্র কই বলছে, তোর মার ভোদা বেশ্যা মাগীর পোলা 
Political Hate	মাহি ও বি চৌধুরী কাদাপানিতে আটকে গেছেন । 
Political Hate	তোমরা কোন দেশে থাকো,কথা কথা ষড়যন্ত্র খুজো,কি বাল আছে তোমার দেশে 
Political Hate	বদরুচ্ছুদা আর মাহী বাল চৌধুরী, একটা বেইমান জাতীয় বাইমান 
Political Hate	দালাল কোথাকার তর য দি লজ্জা থা কে ঐক্যের বেপা রে একটা কথা বল বি না । 
Political Hate	মান্নার ফাঁসানোর মতো কি আছে এখানে? বলদার বলদা
Political Hate	মাহি ছৌঃ পরিবার বাটপার । 
Political Hate	বলদ! নিজেরে নওয়াবজাদা সলিমুল্লাহ মনে করে!
Political Hate	জামায়াতের একটা কর্মীর জ্ঞান নাই যার মধ্যে সে নাকি বি এন পিকে জামায়াত ত্যাগ করতে বলে । 
Political Hate	মাহি কি অরজিনলী বি চৌধুরীর ছেলে?জন্ম নিয়ে সন্দেহ আছে । 
Political Hate	দেশের মানুষ একদলের শাসনে অতিষ্ট হয়ে গেছে আর বেশ্যের ছেলে ব্যবসা ঠিক রাখার জন্যি সরকারের সাথে আতাত করে হিয়ালী চুদাচ্ছে 
Political Hate	তুদের কারনেই জামায়াত আজ সাধারাণ মানুষের প্রিয় দলে পরিনত হয়েছে । প্রমান চাইলে নিরপেক্ষ নির্বাচন দিয়ে দেখতে পারিস । 
Political Hate	কিরে রনি,তুই কি মাহির ও ছাত্র হওয়ার যোগ্যতা রাখিস না?
Political Hate	এটি তুই কি বুঝে শুনে বলেছিস,না মাল পানি খেয়ে বলেছিস । 
Political Hate	রনি সাহেব বলছিল,আওয়ামীলীগ কে জুতা দিয়া মারলে ও মান সন্মান যায় না এখন দেখি,তার তাও যায় না 
Political Hate	মন্জু চোরের পুলা পার্থ বিয়াদপ
Political Hate	পার্থ সালার পুত হলো হাসিনার বড় দালাল, পার্থ কে বিএনপির যোট থেকে বাদ দেওয়া হক 
Political Hate	রনি মাদারচোদ টাইপ লোক 
Political Hate	বিএনপি এখন পাগল হয়ে গেচে 
Political Hate	তুই কয়টা ভোট পাবি রে BNP এর সাথে না থাকলে । তর মত বোয়াদব নাই পাথ । 
Political Hate	পার্থ্য খানকির পোলা 
Political Hate	পার্থ্য একটা বেইশ্যা মাগীর পোলা
Political Hate	কথা গুলো দুদু মাদারচুদেরে সুনান 
Political Hate	বি ন পি র পাগলদের এবার বুদ্ধি হবে
Political Hate	ডঃ কামাল হোসেন ভারতের দালাল হয়ে বিএনপিকে ধ্বংস করতে এসেছে । 
Political Hate	কামাল সাহেব তো বুরা হয়ে গেছে ঠিক মত কথা বলতে পারেনা সে কি করে দেশ চালাবে । । বুজিনা । । 
Political Hate	শালা চোর এর বাচ্চারা 
Political Hate	বিএনপি কামালের পা চাটতে গেছে যেনো আইনের লড়াই করে খালেদা জিয়া কে বের করে 
Political Hate	পাগল একটা, সালা জিয়ার গুনগান কর, 
Political Hate	মাকালফল খেতে কোন স্বাদ নাই...আপনি একটা মাকালফল! 
Political Hate	বাংলাদেশি জাতীয় বাটপার । 
Political Hate	এই ঐক্য চোর আর শতানের ঐক্য 
Political Hate	শালা মাদার ছুদ তুই একটা জারজ 
Political Hate	অত্যাচারের সীমানা ছাড়িয়ে গেছে আওয়ামীলীগ পতন হতেই হবে উপায় নাই । 
Political Hate	কুত্তা লীগের পতন চাই 
Political Hate	হাছিনা স্বৈরাচার মুক্ত বাংলাদেশ ছাই নিরপক্ষে নির্বাচন ছাই
Political Hate	হাসিনার পতন চাই,সৌর হাসিনার কুত্তালীগ বাংলার মাঠিতে আমরা আর চাই না,!!!! 
Political Hate	মাঠে সালার পুতেরা । কুত্তার মত পিডামু 
Political Hate	সালার পুতেরা তোদের দৌড়ায় দৌড়ায় পিঠা, সব ঠিক হয়ে যাবে । 
Political Hate	আচুদার গুষ্টি বিম্পি! 
Political Hate	একদম ঠিক বলছে মূর্খ নেত্রী খালেদা জিয়াকে দেখতে চাই না 
Political Hate	জারজ মানেই বিএনপি
Political Hate	বি এন পি, দলটি পুরায় অশিখিতো শালার শালারা
Political Hate	কুত্তালিগের এনি একজন কুকুরের বংশধর কুকুরের বাচ্চা কুকুর
Political Hate	হালারা সব মাতাল সমাজটাকে নষ্ট করে পেলছে । 
Political Hate	বিয়েনপি আসলেই একটা পাগলের দল 
Political Hate	গুন্ডা পান্ডা পাগল ছাগল দিয়ে দেশটা বরবাদ করে দিচে শালারা 
Political Hate	বর্তমান সরকার কোন সরকারেই না??জারত সন্তান যে রকম, সেই রকম ও বর্তমান সরকার?? 
Political Hate	শেখ মুজিব না থাকলে, দেশ স্বাধীন না হলে জিয়া তোর মা আর তোর মত কুত্তারে স্বীকার করত না
Political Hate	তোর মা তো যুদ্ধের সময় পাকস্তানে ভালোই আরাম আয়েশ করেছে । 
Political Hate	ওটা নাকি দেশ নায়ক লন্ডনে বসে সালা চুর 
Political Hate	Ei kuttar বাচ্চা ক্ষমতায় আসলে দেশের ইতিহাস নষ্ট করে ফেলবে
Political Hate	এ মাগির পুলা তুই চুর কিসের দেশ নায়ক তুর মারে চুদল পাকিছতানিরা তুইআবার বড় বড় কথা বলিস
Political Hate	তুই মরলে দেশে সানতি আসবে
Political Hate	কুত্তার বাচ্চা তোর মুখের ভাষা ঠিক কর । তারেক কি বলবে কি বুঝবে । তুই শালা বাটপার । 
Political Hate	তোর মত ছাগলে কথা বাঙ্গালী এখন আর বিশ্বাস করে না রে 
Political Hate	খানকির বাচ্চা তারেক জিয়া।
Religious Hate	আল্লাহ তো ঘরে ঘরে চুদানোর কথা বলেছে নবী তো বড়ো মাদারচোদ আল্লা চুদিরা তোরা তো নীজের বোনরে চুদিস 
Religious Hate	মালাউনদের এই অধপতনে আমরা খুশি 
Religious Hate	মালুরা গ মুত খেয়ে তাদের মাথার তার নষ্ট হয়ে গেচে 
Religious Hate	হায়রে মালু আরো কতকিছু করবি তোরা তারাতারি গজব আসবে মনে হয় তোদের উপর 
Religious Hate	হযরত গৌতম বৌদ্ধ ??? হা হা হা হা হা !! তুরা কি গরু না ছাগল রে কাদিয়ানীর বাচ্চারা !!
Religious Hate	ওই শালার পোলা মিথ্যে বলিস কেন বুদ্ধ ধর্মের উৎপত্তি কথ সালে আর ইসলাম ধর্মের উৎপত্তি কথ সালে,না জেনে শুনে কথা বলিস কেন ? 
Religious Hate	হযরত বৌদ্ধ??? শালা ছাগল!!
Religious Hate	ভন্ড কাদিয়ানী থেকে সাবধান
Religious Hate	বালের পুজা, 
Religious Hate	শিব একটা ধর্ষক ছিল, সে ৬০ হাজার কুমারী মেয়েকে ধর্ষণ করেছিল, তাই শিব লিঙ্গ ধর্ষণের প্রতীক।
Religious Hate	ইন্ডিয়ার হিন্দুরা শুন মুসলিমদের সাথে ভাল ব্যাবহার কর নাইলে কপালে দুঃখ আছে।
Religious Hate	বিশ্বের ইতিহাসে হিন্দুরা ভিতু, তদের কথাতে মুসলিমরা ভয় পায়না।
Religious Hate	মুসলমানদের বসতে দিলে শুতে চায় 
Religious Hate	ইনড়িয়া মুসলিম রাষ্ট ছিল থাকরে-- জারা ইয়াহুদি কাফের হান্দু হয়ে গেল - তাদেরকে মোসসলমান বানাতে হবে
Religious Hate	হিন্দু বা কাফের দের সাতে হাত মিলিয়ে সারা দুনিয়াতে ফেতনা লাগায়ে নিজেরা শেষ হয়ে জাচ্ছে 
Religious Hate	চুদি আৱবেৱ ধমঁ!
Religious Hate	ভারতে মুসলিম আরো বেশি হবে কারণ বড় বড় চোর গুন্ডা নেতা সবাই হিন্দু
Religious Hate	হিন্দুকে কুতার মুতুন চুদছি 
Religious Hate	পৃথিবীর সবথেকে মিথ্যাবাদী ধর্ম হিন্দু 
Religious Hate	শুয়োরের বাচ্চা মুসলিমরা,
Religious Hate	ইসলামে মারে চুদেছে ইসলামে মারে নাভি চুদা ভোদা দুদু ভোদা দুদু চুদি তোদের মাহিলাদের 
Religious Hate	এরা মুসলিম স্টেট এ শুয়োরের মতো মুসলিম শোরের বাছা জম্ম দেবে আর অন্য জাগায় কাফের হত্যায় পাঠাবে । 
Religious Hate	বেদব তুই টয়লেটে পরে মরবি শয়তান কুতথার বাচছা হারামি নবীর দুশমন
Religious Hate	ইসলাম মানে অশান্তি ধর্ম 
Religious Hate	হিন্দু-বৌদ্ধ-খ্রিস্টানদের মধ্যে সমস্যা নেই I অথচ দেখতে পাওয়া যাচ্ছে, মুসলিমরাই কেবল সমস্যা সৃষ্টি করে চলেছে 
Religious Hate	হারামি বাংলাদেশী মুসলিম দের মেরে ফেলা উচিত,
Religious Hate	মুসলমান মানেই জিহাদী জঙ্গিবাদ
Religious Hate	খুব তাড়াতাড়ি মুসলিম ধংশো হবেই
Religious Hate	বাংলাদেশের মুসলিম লোকেরা মানুষ না সব কুকুর । 
Religious Hate	যদি পৃথিবী ধ্বংস হয় তবে তার কারণ হবে মুসলিম। 
Religious Hate	কাংলাদেশের মুসলিম দম আছে তো ভারতে করে দেখা , তোদের গাড় ফাটিয়ে দেব। 
Religious Hate	মুসলিন জাতি বেইমান এবং জেহাদি ছিল, আছে , থাকবে
Religious Hate	মুসলিমদের এই বেইমানি আর জেহাদির কারনে পৃথিবীর সমস্ত জাতি মুসলিমদের ঘৃণা করে.
Religious Hate	মুসলমানরা গুজবে বিশ্বাস করে, বাস্তবে নয়। মানে, মাথায় ব্রেন নামক পদার্থটার অভাব!!
Religious Hate	পাগলে কিনা কয় ছাগলে কিনা খায়,যাদের দেবতা গরু ছাগল হাঁস মুরগি ভেড়া কুত্তা শিয়াল বানর হনুমান হাতি সাপ কেঁচো কৃমি তারা আর কত ভালো হবে
Religious Hate	হিন্দু মানে অশান্তির ধর্ম,তারাই মুসলমানদেরকে নির্যাতিত করছে
Religious Hate	চলো আমরা সবাই মুসলিম মারা শুরু করি 
Religious Hate	বাংলাদেশের হিন্দুরা এখনো বেহেশতে আছে।তুই কি জানিস।
Religious Hate	সালা পাগল হিন্দু রা বাংলাদেশে যেভাবে শান্তিতে থাকে ভারতেও এভাবে থাকে না
Religious Hate	বাঙালি হিন্দুরাই ভীতু চোদা তাই নুনু কাঁটা পিসলামিক শুয়োরগুলো ওদের অত্যাচার করে.
Religious Hate	মাদারচোদ হিন্দুরা ভয়ে ইন্ডিয়া তে পালিয়ে না এসে উচিৎ মুসলিমদের কচুকাটা করে দুনিয়া থেকে নির্মূল করে দেওয়া. 
Religious Hate	শালা তুই কট্টরপন্থী হিন্দু
Religious Hate	তুই হালা দালাল তোর হিনদু বাপেরা ভারতে মুসল মানদের ওপর কি ভাবে অতাচার করিছে
Religious Hate	বাংলাদেশের মুসলমান জদি হিনদের ওপর অতাচার করে তাহলে বাংলাদেশে এত হিনদু জায়গা পেতো না হালা মাদার চুদ 
Religious Hate	এই সব রকম বালের মুসলমান যেখানে বিপদ সেখানেই ।
Religious Hate	একটি বিখ্যাত, আবিষ্কারক মুসলমানের নাম কেউ শুনেছে কখনো..ক ্যানসারের ধর্ম ইসলাম.
Religious Hate	বাংলাদেশের মিডিয়া ভারতের হিন্দুদের দালাল..
Religious Hate	ভারত কোন হিন্দুদের তাড়াচ্ছে না তাড়াচ্ছে মুসলিম জেহাদি মোল্লাদের ! 
Religious Hate	তোর বাড়িতে অপরিচিত মুসলিম ঢুকে পড়লে তুই কি করবি মোদী শেটাই করচ্ছে!
Religious Hate	সমস্ত হিন্দু NRC এর সমর্থনে ঝাপিয়ে পড়ুন ! ওই ধংশো কারি মুসলিম দের তাড়াতেই হবে !
Religious Hate	শুধু আসাম না পশ্চিমবঙ্গ থেকে ও এই জেহাদি মুসলমানদের খেদানো হবে !
Religious Hate	বাংলাদেশ থেকে হিন্দুদের তাড়িয়ে দেওয়ার পরিণাম এটা 
Religious Hate	তোরা ত সব জানতা,অতই জানতা ত হিন্দু দের কেন তারাছিস,সালা মোল্লা
Religious Hate	এই মুসলিম দের আতি তারাতারি ভারত থেকে তারাতে হবে।
Religious Hate	আই দেখিয়ে দেব এবার ।মুসলিম দের কে এবার জবাই করবো।জয় শ্ৰী রা
Religious Hate	যখন বাংলাদেশ থেকে হিন্দুদেরকে তারানো হচ্ছিল তখন কোথায় ছিল সহিংশুনতা 
Religious Hate	মুসলিম গরু চোর সন্ত্রাসী বাংলাদেশীদের হিন্দুস্থান থেকে বাহির হতে হবেই
Religious Hate	আসামের রোহিঙ্গা মুসলমানদের তারিয়ে দেওয়া হোক কারণ এরা ভারতের মানুষ নয় 
Religious Hate	জনে চার পাঁচ টি বিয়া কইরা সুকরের বাচ্চা পায়দা করার সময় মনে থাকে না ....শালার জাত পরে ভিক্ষার ঝুলি নিয়ে হিন্দুস্তানে
Religious Hate	তর মা কে চোদী শালি দেহ ব্যবসায়ী। বাংলাদেশের সব মুসলিম মেয়েরা ঘরে ঘরে ইমু সেক্স করে রোজগার করে ভাত খায়
Religious Hate	অবৈধ মুসলমানদের লাথ মেরে তাঁড়ানো হোক
Religious Hate	নডির পোলা নাস্তিক তোর মারে বাপ 
Religious Hate	তুই একটা সুবিধাবাদি,তুই হিন্দু ও না আবার মুসলিম ও না, তুই একটা নাস্তিক। 
Religious Hate	ইহুদীরা আসলেই খুব বিপজ্জনক 
Religious Hate	হিটলার কে ধন্যবাদ কারণ ইহুদীরা আসলিই খারাপ 
Religious Hate	হিটলার একজন সত্যিকারের লোক যে ইহুদী সব শেষ করার প্রতিগ্গা করে,
Religious Hate	ইহুদীরা মানুষ খারাপ, 
Religious Hate	এই পৃথিবীতে একটা মহাপাপ ধর্ম আঁছে তার নাম হলো আব্রাহামিক ধর্ম
Religious Hate	সব ইহুদীকে মেরেফেলা উচিৎ ছিল
Religious Hate	সব ইহুদিকে একবারে হতা করলে ভালো হতো
Religious Hate	ইহুদিরা অনেক ভয়ংকর। 
Religious Hate	ইন্ডিয়ান হিন্দুগুলা আস্ত বেয়াদব, উগ্র। 
Religious Hate	মুর্তিপুজারী,মাজারপুজারী,ভন্ড পীরদের পোদ ফেটে গেছে। 
Religious Hate	হিন্দু ধর্ম তো এইটাই জানে না যে প্রিথিবি গোল
Religious Hate	মালাউন কে জুতা পেটা করা হোক। 
Religious Hate	হিন্দু শোয়ামিজি খুব সুন্দর উত্তর দিয়েছে
Religious Hate	আল্লাহ আমায় তৌফিক দিলে আমি সারা বাংলা ঘুরে এই সমস্ত বজ্জাত জাহেল আলেম নামের শয়তান গুলারে পিটাইয়া স্টেজ থেকে নামাইতাম। 
Religious Hate	জাকির নায়েক ধর্ম ব্যবসা বন্ধ করে দেওয়াতে এদের ঘুম হারাম হয়ে গেছে। 
Religious Hate	এগুলো কাট মোললা বলা হয় এরা কি নিজেকে মুসলিম মনে করে জাকির নাকেয় য়ের জুতা টানার মতো জগোতা হয় নাই 
Religious Hate	আল্লাহ এই হুজুরকে হেদায়েত দেন ছাগল হুজুর । 
Religious Hate	এই শালা কে কি কুত্তা পয়দা করছিল নাকি শয়তান পয়দা করছিল সালায় কয় কি
Religious Hate	ওর টুপির নিচে শয়তান আছে মনে হয়
Religious Hate	কাটমোল্লাদের তাদের ধর্ম ব্যবসায় বন্ধ হয়ে গেছে,তাই তার উপর খুব রাগ, আরে ভাই সত্য চিরন্তর, মিথ্যা সাময়িক, 
Religious Hate	কাঠমোল্লা জাকের নাইকের জুতার সমান মুল্য তোর নাই। 
Religious Hate	জদ্দা খোর সাইফল্লাহ কিসের আলেম। 
Religious Hate	এইসব কাটমোললারে জুতা মারলেও লজ্জা হবেনা।
Religious Hate	হিন্দু ধর্মই একমাত্র চোদাচুদির ধর্ম 
Religious Hate	আমার ধনেরা সার্বজনীন চোদাও,
Religious Hate	সময় টিভির মালিক যে হিন্দুদের বংশধর এটা সবাই জানে
Religious Hate	মুসলিম নামের নাস্তিকরা এখন দেখিস না তোর হিন্দু বাপেরা মুসলিমদের প্রকাশ্যে ধর্ষন করলো
Religious Hate	পাকিস্তানদের মতো আমাদের দেশ থাকত তাইলে হিন্দুদের সাথে ধরষন করতাম 
Religious Hate	বুকা.... ছেলে ভুল ভাল বচন দিস. শিবই শ্রেষ্ঠ জানিস না 
Religious Hate	মুসলিমদের মাথা আর গরুর মাথার মধ্যে খুব একটা পার্থক্য নেই
Religious Hate	মোল্লাদের বুদ্ধিমত্তা গরুর চেয়ে একটু বেশী।
Religious Hate	আরবের মেয়েদের ৭-৮ বছর বয়সে মাসিক হয়!! তাহলে তো গায়ে-গতরে অনেক শক্তিশালী হবার কথা। 
Religious Hate	৬০-৭০ বছরের মানসিক বিকারগ্রস্ত ধর্ষক মুসলমানরা ৬-৭ বছরের বাচ্চা মেয়েদের বিছানায় নিতে পাগল হয়ে থাকে।
Religious Hate	তোমাদের ধরমে শুধু লুচ্চামি আর লুচ্চামি তোমাদের দেবীরা বিয়ের আগে সন্তানের মা হয় ছি!! 
Religious Hate	লুচ্চা ধর্ষক শিশুকামী মুহম্মদের সাথে রবীন্দ্রনাথের অনেক মিল আছে।
Religious Hate	আগামী ২৫ বৈশাখ থেকে হজরত রবীন্দ্রনাথ ঠাকুর (সালাল্লাহু - লাড়ালাপ্পা) র নামেও ওরশ পালন করিস। 
Religious Hate	বকলম মুসলমানদের যতই বলা হয় আমি নাস্তিক, এরা তত বেশি করে দুর্গা-কালিকে গালি দিবে
Religious Hate	বিশ্রী সাম্প্রদায়িক জঙ্গি মানসিকতা এই মুসলমানদের!!
Religious Hate	গল্পের রাম-কৃষ্ণের সাথে কি বাস্তবের নরপিশাচ মুহম্মদের তুলনা হয়??
Religious Hate	রবীন্দ্রনাথ ধর্ষক মুহম্মদের মত ৫৩ বছর বয়সে একটা ৬ বছরের বাচ্চার সাথে মুফাখেতা (দুই পায়ের মাঝে জননাঙ্গ ঘষা) করেন নাই।
Religious Hate	মুহম্মদের আমলেও বাল্যবিবাহ প্রচলিত ছিল। কিন্তু ৫৩ বছরের বুড়ার সাথে ৬ বছরের বাচ্চার বিয়ে কেউই ভাল চোখে দেখত না। 
Religious Hate	বাচ্চা মেয়েটার জীবন ধ্বংস করেছে মুহম্মদ যার প্রতিশোধ হিসেবে আয়েশা মুহম্মদকে বিষ খাইয়ে হত্যা করেছে
Religious Hate	মুহম্মদ যখন বাচ্চা মেয়ে আয়েশাকে বিছানায় নিয়ে যায় (এটাকে আমি বিয়ে বলবো না), সেটা লুচ্চামি, সেটা শিশুকামিতা, সেটা ধর্ষণ। 
Religious Hate	ইসলাম অনুসারে, ৭২টি হুরের সঙ্গে চব্বিশঘন্টা সেক্স করার জন্য জান্নাতি পুরুষদের লিঙ্গ সব-সময় শক্ত ও খাড়া হয়ে থাকবে I 
Religious Hate	ব্যশ্যাস্যালয়ের মাটি ছাড়া দূর্গা মূর্তি গড়া হবেই না
Religious Hate	দূর্গা মার গুদে যখন কামড় উঠতো তখন ব্যাসালয়ে গিয়ে কামড় মেটাতো
Religious Hate	একবার দূর্গা মার গুদে প্রচন্ড চুলকোতে আরম্ভ হল ব্যসালয়ে সেই সময়ে কোনো পুরুষ সিলোনা অগত্যা দূর্গা মা কি করি করি বলে চিল্লাতে আরম্ব করল,
Religious Hate	কার্তিক কে দেখতে পেয়ে মা দূর্গা, দৌড়ে কাছে গিয়ে বললো ও আমার বির কার্তিক দয়া করে তুমি আমার গুদ টি ফাটিয়ে দিয়ে যাও
Religious Hate	এখনই কোন মসুলমান যদি এই রাস্তা দিয়ে যায় আমি বাধ্য হব ওই মসুলমান কে দিয়ে আমার গুদের জ্বালা মেটাতে
Religious Hate	মামী দূর্গা যখন বলছে তখন আর কি আর করি, মামী র গুদের জ্বালা একটু মিটিয়ে দিয়ে যাই
Religious Hate	দূর্গা মা কে তখন সেই মুসলি আলী জোরে জোরে চুদতে লাগলো
Religious Hate	নাস্তিক ওরা হলো দুনিয়ার ময়লা, আবর্জনা আর নর্দমার কীট _xDE21_ ভন্ড এক নাম্বার মিথ্যাবাদী 
Religious Hate	ইসলামে বর্বরতা চারা আর কিছুই নয়। 
Religious Hate	মুস্লিমগুলা হলো শুয়োরের বাচ্চা,
Religious Hate	শুয়োর গুলো কাদা ময়লার সমান কোরান ছাড়া কিছুই বোঝে না। 
Religious Hate	এক নাস্তিকের সাথে আলাপ হচ্ছিল তিনিও এই মাথামোটা এই মোফাচ্ছিলের মত।
Religious Hate	খানকির পোলা তুই একটা শুওরের বাচ্চা। আর তোর সাথে সব মালাউনের বাচ্চারা বাহাবা দেয়।
Religious Hate	শালা মূর্তি পূজারী, শিবের ধনেরর পূজারি, 
Religious Hate	খানকির পোলা চারালের বাচ্চারা নিজেগো চোদাইন্না ধর্ম রে আগে চিন ঠিক মত। 
Religious Hate	আচ্ছা এই 72 হুরেরা কি বেশ্যাবৃত্তি করে ? 
Religious Hate	নবী মোঃ যদি ভাল মানুষ হতো তাহলে ইসলামের জন্ম হতো না। 
Religious Hate	গরুর মুতের পুজারি, উলংগ নারীদের মূর্তির পূজারি
Religious Hate	মুসলিম শুধু গালি দিতে পারে, মারামারি কাটাকাটি করে, 
Religious Hate	মুস্লিম জাতি ই হইছে মূর্খের বাল, নাস্তিকের উত্তর আর কি দিবো!!!??? 
Religious Hate	এগুলো লুছা হুজুর তারা মোহাম্মদ জা করেছে সঠিক বলবে 
Religious Hate	হাঃ হাঃ হাঃ সব মুসলমান তোর মতো গাধা হয়ে জাবে তাই ভাবছিস বুঝি || নাস্তিক থেকে কুকুর ভালো 
Religious Hate	ভড়ুয়া মাদার চোদ তুই কনে থাকিস তাই বল তোর কনো অদিকার নেই কনো ধরমো নিয়ে বদনাম করা তোর যেটা ভালো লাগে সেই ধরমো কর 
Religious Hate	ইহুদী নাচারাদের দেশে বসে ইসলামের বিরুদ্ধে অনেক বড বড় কথা বলা যায়। 
Religious Hate	নাস্তিকেরা এইসব গরু - ছাগল কই থেকে যে আনে 
Religious Hate	আবাল মার্কা হুজুর 
Religious Hate	ইসলাম হলো চোদার Dharma 
Religious Hate	এই ইউসুফ মুল্লাটা ও ছাগল, সবকিছুই কুরান থেকে আবিষ্কার, হি হি হি 
Religious Hate	নাস্তিক দের বোকার মত যুক্তি শুনলে, আমার ইমান টা আরো মজবুত হয় 
Religious Hate	খেজুরে অনেক সেক্স তাই আরবিরা খেজুর খায়ে একের অধিক বিয়ে করে। 
Religious Hate	তেতুল হুজুর বৌয়ের যোনি চুসে বুঝলো যে টক।
Religious Hate	মুহম্মদ দুনিয়াতেই মাগিবাজি লম্পটগিরি করল তার উন্মত জন্নতে মাগীবাজি করবে।
Religious Hate	অাল্লা ম্যাজিক এর মতো কাজ করে না,অাল্লা ভুয়া ৷ 
Religious Hate	নাস্তিকের গুষ্টি, জাহান্নামের দরজা দিয়ে তোমরা প্রবেশ করবা
Religious Hate	তোমরা তো কোরানের পোদ মেরে মেরে মধু বের করে দিলে..
Religious Hate	তোরা তো সব কয়টা হিজরা তোদের হুরের কথা শুনলেও তো ভয় করে। 
Religious Hate	নবি মাগি চুদার জম 
Religious Hate	আসলে তোমরা নাস্তিক রা হলা সর্ব হারা, মরার সময়ই বুঝবি শালারা।
Religious Hate	এইসব আতঙ্কবাদী ইসলাম ধর্ম সম্পর্কে কিছুই বলার নেই
Religious Hate	আরে দূর হো চুত্মারানির পূত - মালাউনের দুর্গন্ধময় অপবিত্র বীর্যের জারজ সন্তান।
Religious Hate	আরে জানোয়ার তুই ইসলামকে ঘীনা করিছ তা হলে তোর নামের সাথে কেন এখন পোরজনত ইসলাম লাগানো আছে।
Religious Hate	তুই কিসের নাস্তিক,নাস্তিক হতেও লজিক জ্ঞান লাগে, তুই তো ইহুদিদের দালাল টাকার বিনিময়ে সব দিতে পারিস
Religious Hate	মানবতা চুদাছ কি বালের পড়াশুনা করছচ তু যদি হেডাম থাকে জাকির নায়েক এর সাথে বসিছ তুর হেডাতে কত রস আছে দেখমু চি তুর মা বাবার পাপের ফসল তুই মাগি 
Geopoitical Hate	১৯৭১ এ ভারত সাহায্য না করলে আজকে এই বাংলা ভাষায় কথা বলতে পারতি না, ফাকিস্তানের পা চাটতি।
Geopoitical Hate	বাংলা চিনি ভাই ভাই সাহায্যের নামে পোদ মাইরা লিবে তোরা বলদ চোদার দল এইটা কি বুঝোস্ নাই
Geopoitical Hate	১৯৭১ সালে নয় মাসে মাত্র ৪০ লক্ষ নারী ধর্ষিতা হয়েছিলেন। এক সাথে থাকলে পুরো চার কোটি নারীর পেটে বাস্টার্ড/বেজন্মা সন্তানে সারা দেশ ভরে যেত।
Geopoitical Hate	কানকির পোলারা ৭১ জন্য এখন পর্যন্ত ক্ষমা চায়নি 
Geopoitical Hate	পাকিস্তানের মত আবাল দেশের দালালি করে লাভটা কি?
Geopoitical Hate	ভারত হল দুনিয়ার সবচেয়ে বাজে অার বেজন্মা দেশ!!! 
Geopoitical Hate	মিয়ারমার একটি হারামি রাষ্ট্র। পৃথিবীর মানচিত্র থেকে তাদের নাম মুচেফেলা উচিৎ। 
Geopoitical Hate	১৯৭১য়ে পাকিস্তান সেনা অনেকে বাংলাদেশি মেয়েকে চুদছিলো!!!!
Geopoitical Hate	ইনিডয়ান চোরের দল 
Geopoitical Hate	খান্কিমাগি পাকিস্তানের দালাল 
Geopoitical Hate	পাকিস্তান একটা ফালতু দেশ কারন দিন গুলা মনে পরে 
Geopoitical Hate	বাংলাদেশ তোদের অর্থনীতির ৫ম রেমিট্যান্স মুলুক। আর হ্যাঁ রেমিটেন্স বুঝিস তো? ফকিন্নির মুখে দৈব বচন! 
Geopoitical Hate	ভারত যেন বাংলাদেশের কোনো ব্যাপারে নাক না গলা, কেননা ভারত বাংলাদেশকে কখনো ভালো চায় না
Geopoitical Hate	মাদারচুত ফকস্থানী, তোদের এই বাংলার বুকে কোনো স্থান নাই।
Geopoitical Hate	রেন্ডিয়ার দালালরা যতদিন থাকবে এদেশে ততদিন সাধারন মানুষে শান্তি হবেনা। 
Geopoitical Hate	১৯৭১ সালে ভারত পাকিস্তান কে থাপ্পড় মেরে দুই টুকরো করেছে। 
Geopoitical Hate	বাংলাদেশ কোনদিনো ভারত কে সাপোট দেবে না 
Geopoitical Hate	71 রে ভারতের উচকানির মধ্যমে আমরা ভাই ভাই যুদ্ধে লিপ্ত হলাম
Geopoitical Hate	খানকির বাচ্চা ফাকিস্তানী ৷ 
Geopoitical Hate	পূথিবীর বেশির ভাগ ফইন্নি ভারতে
Geopoitical Hate	ভারতকোনোদিনোবাংলাদেশেরবন্ধুহোতেপারেনা
Geopoitical Hate	যারা ভারতের পক্ষে কথা বলে, তাদের দেশের পতি কোন ভালোবাসা নেই,
Geopoitical Hate	অারে মাধার চোদ তাকিয়ে দেখ ঐ লাল সবুজের পতাকার দিকে এখনো চিৎকার করে বলতেছে শহীদ ভাইদের কথা 
Geopoitical Hate	এই ধোনের রোহিজ্ঞা খেদায় না কেন?
Geopoitical Hate	তোদের দেইনি বলে বলছিস দিলে বলতিস না।কাংলাদেশী খানকির ছেলেরা। 
Geopoitical Hate	পাকিস্তানি রা আসলে গন্ড মুর্খ। এদের ভাল মন্দ বোঝার ক্ষমতা নেই। 
Geopoitical Hate	বিজিবির হুইসেল শুনে মিয়ানমারের কুতা গুলোর বুক কাপে।
Geopoitical Hate	ভারতীয়রা হাগু করে রাস্তা ঘাটে,আর বাংলাদেশিরা হাগু করে নির্দিষ্ট স্থানে। 
Geopoitical Hate	মালউন ইন্ডিয়ারাই ফারাক্কার পানিতে ডুবে মরবে। 
Geopoitical Hate	সুচির মুখে লাথি মারা উচিত 
Geopoitical Hate	24 বছর একসাথে থেকে বাল ছিড়েছে এখন এক হয়ে আটি বাধবে।
Geopoitical Hate	বাংলাদেশ থেকে এই ইন্ডিয়ান দালাল গুলোকে লাথিমেরে বের করা উচিৎ!!!!
Geopoitical Hate	অই দেশে এখনো টয়লেট নিয়া প্রচার করে
Geopoitical Hate	চীনা মোটা বারা দিয়ে কাংলুদের গূদে দিচ্ছে বিশাল ধাক্কা চোদন খেয়ে কাংলুদের মা যাচ্ছে এবার মক্কা । 
Geopoitical Hate	ফইন্নি ভারতের সাথে বাংলাদেশের তুলনা মানে সোনার সাথে কাদার তুলনা
Geopoitical Hate	ভারতে মস্তান আছে অনেক শুধু খুন করে,বিচার নাই। 
Geopoitical Hate	রেন্ডিয়া বাংলাদেশের পরম শত্রু।
Geopoitical Hate	আমাদের দেশ ছোট বলে ভারতের চেয়ে পিছিয়ে, না হয় মুতার জন্যও তোদের সাথে সম্পর্ক রাখতাম না,
Geopoitical Hate	কাংলাদের আব্বা ঘোষনা করা হক পাকিস্তান কে শুয়োরের বাচ্ছা খানকির ছেলে 
Geopoitical Hate	নেহেরু মাদার চোদ ছিলো 
Geopoitical Hate	প্রতিটা বাংগালীর এই ফারাক্কা বাদের জন ্য ভারতের মুখে তুতু দেওয়া উচিৎ ।
Geopoitical Hate	ভারত আমার শত্রু
Geopoitical Hate	ভারতের দালাল নিপাত যাক, বাংলাদেশ মুক্তি পাক।
Geopoitical Hate	মিয়ানমার দেশ মানে কুলংগার এবং ঘৃনিত দেশ। 
Geopoitical Hate	হোলির মারে চুদি ভারত মাতারে চুদি 
Geopoitical Hate	America, Russia, China, এখন আমাদের কত ভাল বন্ধু, ঔখানে ইন্ডিয়া কোন চেটে*র ব**ল
Geopoitical Hate	বাংলাদেশ। পাকিস্তান। এক।সাতে।থাকলে।বাংগালীদের।দামে দিত।না।তারা। 
Geopoitical Hate	আমরা ইরাক না আর আফগানিস্তান না। আমাদের দিকে চোখ দিলে চোখ দুটো তুলে শালা ট্রাম্প
Geopoitical Hate	টয়লেট বানিয়ে আগে নিজেদের সমস্যা সমাধান করুক ভারত। 
Geopoitical Hate	বাংলা দেশ তমরা ঠিক বলেছো আমরা তমাদেরমত এক ভিকারিদেশ এর সঙগ না থাকা ভাল 
Geopoitical Hate	ভারতের গুদে এত ভয়, 
Geopoitical Hate	রোহিঙ্গাদের কারনে আমাদের দেশে দিন দিন নিত্য প্রয়োজনীয় পণ্যের দাম বেড়েই চলছে
Geopoitical Hate	INDIA মানে হচ্ছে সার্থপর। 
Geopoitical Hate	বাঙ্গালির শরীরে ১ ফোটা রক্ত থাকতে পাকিস্তান বাংলাদেশ এক হতে পারে না // 
Geopoitical Hate	আমরা বাংলাদেশিরাই এশিয়ার চ্যাম্পিয়ন হয়েছি চোরের বাচ্চা ভারতের মত আম্পায়রে সাহায্য নিয়া জিতি নাই 
Geopoitical Hate	ত্রিশ লক্ষ মা বোনকে হত্যা করে,এখন ভাই ভাই চুদাইতেছে খানকির পোলা 
Geopoitical Hate	বাংলাদেশ স্বাধীন করার পিছনে ভারতের একটি বিষাক্ত রাজনীতি ছিল। 
Geopoitical Hate	ভারতের দালালে দেশটা বরেগেছে ভাই 
Geopoitical Hate	সালাদের পাকিশতান কেলাচিছলো ঠিক করছিলো
Geopoitical Hate	অবৈধ ভারতীয় ধরে গন ধোলাই দেয়া উচিৎ।
Geopoitical Hate	বিএসএফ হচ্ছে ক্রিমিনাল। চীন-পাকিস্তান সীমান্তে মাইর খায় আর বাংলাদেশের সীমান্তে পাগলা কুকুরের মত গুলি ছুড়ে।
Geopoitical Hate	আমার হাতে পতিদিন ভারতেরর মানুষ মার খাই আমি একজন বাংলাদেশি
Geopoitical Hate	দেশের রাজারকার গুলি এই ভারতকে বন্দু বলে মুলোত এরাই রাজাকার ও পাচাটা গুলাম,
Geopoitical Hate	বাস্টার্ড এর বাচ্চা ইন্ডিয়ান। 
Geopoitical Hate	মাত্র পনের দিনের কথা বলে ভারত এই ব্যারেজ আজ অব্দি চালিয়ে রেখেছে৷ মিথ্যুক ভারত৷
Geopoitical Hate	সৌদি মাদার চোদ 
Geopoitical Hate	আজকে ৫ লক্ষ পেন্ডিয়ান বাংলাদেশে রোজগার করে তোদের খাওয়াচ্ছে।
Geopoitical Hate	বোকাচোদা গেদা গেদী, চাল্লা আমি India না হলে তোমাৰ স্বাধীনতা পোদেৰ মধ্য ধুইয়া গেলহৈ 
Geopoitical Hate	আর ইন্ডিয়ান tv তে যেসব rich মানুষ দেখায়, তারা দুই টাকার ফকির দুই লাখ পাইলে যেই অবস্থা হয় সেটা
Geopoitical Hate	পাকি ও ইন্ডিয়ান দালাল অথবা প্রাচীন( 71) ও নব্য দালাল উভয় সমান দোষী। 
Geopoitical Hate	ব্রিটিশ আমার দাদার শত্রু 
Geopoitical Hate	মাদারচোদ পাকিস্তানি 
Geopoitical Hate	হিজ্রা একটা দেশ। সূচি একটা হিজ্রা মাগী 
Geopoitical Hate	আমরা উন্নতির দিকে এগিয়ে যাচ্ছে তাই ভারত আমাদের ভালো চায় না ভবিষ্যতে ভালো চাইবো না
Geopoitical Hate	ভারত আমাদের চিরশত্রু
Geopoitical Hate	ইন্ডিয়া আগ্রাসী
Geopoitical Hate	পাকিস্তান অনেক ভালো ইনডিয়া হারামি 
Geopoitical Hate	ভারত আমাদের বন্ধু হতে পারেনা আমাদের ১নংবার দুশমন। 
Geopoitical Hate	মায়ানমারের গুষ্টি মারব। 
Geopoitical Hate	আমরা জানি পাকিস্তান ও চীন আমাদের শত্রু।
Geopoitical Hate	ভারত আমাদের দেশের অনেক শত্রু শত্রু শত্রু আমার মনে হয় 
Geopoitical Hate	এই খানকি india বাংলাদেশ কেদান করেছ। Pakistan আত ্বাদি দেশ 
Geopoitical Hate	পাকিস্তান একটা আতঙ্ক বাদি দেশ ও সব দেশেই আতঙ্ক বাদ ছড়ায়
Geopoitical Hate	ভারত কখনো আমার বন্ধু হতে পারেনা
Geopoitical Hate	মালায়াওন এর বাচ্চারা হলো সুবিধা-পাটি। তারা শুধুমাত্র নিজেদের সুবিধারথেয় বাংলাদেশকে যুদ্ধে সাহায্য করেছে
Geopoitical Hate	আমাদের উচিৎ আরেক চীন অথবা পাকিস্তান হওয়া এবং ভারতকে ঔষুধ দেওয়া।
Geopoitical Hate	ভারত আমাদের ভাল চায় না।
Geopoitical Hate	একটা কথাই বলোনা পাকিস্তান হল একটা জঙ্গি বাদি দেশ
Geopoitical Hate	পাকিস্তান একটি সন্ত্রাসী তৈয়ারি করা এবং রফতানি করা দেশ।
Geopoitical Hate	ভারত কে বিশাস করা যায় না। কারণ ভারত সুবিধা বাদী। 
Geopoitical Hate	মিয়ানমারের খানকিরপোলারা এখন যাস কেন
Geopoitical Hate	আমার যদি খোমোতা থাকত ভারত নামের রাস্ট্র টা মুছে ফেলতাম প্রিথিবী থেকে 
Geopoitical Hate	ভারত আমার শত্রু কারন তারা হিন্দু মুসলিম দের উপর অতাচার করছে। 
Geopoitical Hate	এবার থেকে তোর বাপ কে আম্পায়ার হিসেবে পাঠাইয়া দিশ। 
Geopoitical Hate	পাকিস্তান বাংলাদেশ এক থাকলে মায়ানমার বিশাল বড় বাশ খেতো
Geopoitical Hate	ভারত বাংলাদেশ ত্রখি 
Geopoitical Hate	আমি এখন ইনশাআল্লাহ সৌদি আরব আছি তারা হল জারজ সন্তান 
Geopoitical Hate	ভারত কখনো বাংলাদেশের বন্দু না, ভারতকে বন্দু বলা আর বিসাত্ত সাপকে চুমু দিবার মত,
Geopoitical Hate	আর ৫০ বছর পর পাকিস্তান নামে কোন দেশ থাকবে না। 
Geopoitical Hate	ভারত কুত্তা ধর্ষণকারি
Geopoitical Hate	আরে ভিকারী চুদা রা তোরা কী ভুলে গেলী জে তোদের সাধীনতা আমরা দীয়ে ছিলাম! 
Geopoitical Hate	ভারত ডাকাত এর মতো কাজ করছে বাংলাদেশে
Geopoitical Hate	ইন্ডিয়া ইচ্ছে চারালের দেশ 
Geopoitical Hate	ভারত নিজেরাই খাইতে পায়না আমাদের দেশে বিনিওগ কি করবে
Geopoitical Hate	ইন্ডিয়ান এক এক রাজ্যের সাথে তুলনা কর দেখবি কে বেশি এগিয়ে ফালতু কোথাকার
Geopoitical Hate	ভারত মাগির দালাল, 
Geopoitical Hate	উপমহাদেশের মুসলমানদেরকে তিন ভাগে ভাগ করে হিন্দু-ভারতীয়রা 
Geopoitical Hate	ভারত সবদেশের শএু।আর জারা পাকিসতান বাংলাদেশ বিরোদিতা করে তারা রাজাকার। 
Geopoitical Hate	এই খানকির ছেলেরা আবার তো হারলি। বাঘ আবারো নেরি কুততা হয়ে গেলো। কুকুর আবার বাঘ সাজতে যায়। 
Geopoitical Hate	ভারত হল বাংলাদেশের শোষক ও এক নম্বর শত্রু।
Geopoitical Hate	এক বার সামনে থেকে লড়াই শুরু করে দেখ। মীর জাফর মতো খালি পেছনে থেকে ছুরি মারার চেষ্টা করিস। 
Geopoitical Hate	ভারতকে বন্ধু ভাবার চেয়ে পাকিস্তানকে বন্ধু ভাবো 
Geopoitical Hate	এটাকে পাকিস্তান বলা ঠিকনা এটা হচ্ছে নাপাকস্তান 
Geopoitical Hate	ভারতীয় কুকুর গুলা কে তারিয়ে দেওয়া দরকার
Geopoitical Hate	এবার কাশ্মীর নিয়ে বাড়াবাড়ি করলে লাথি মেরে চার টুকরা করলে তবেই শিক্ষা হবে। 
Geopoitical Hate	ভারতে ধর্ষণকারি আছে আছে 100 কোটি, আর মাতাল আছে 120 কোটি 
Geopoitical Hate	ওই শালা মনে হয় সূচি কে বিয়ে করবে তাই কিছু বলছে না হবু বউরে। 
Geopoitical Hate	ভারত মুসলমাদের উপর জুলুম অত্যাচার করছ, উল্টা মিথ্যা অপবাদ দেছ, অহংকারেই একদিন পতন হবে ভারতের !!
Geopoitical Hate	কাংলুদের মায়ের শখ হয়েছে চীনা বারা খেতে 
Geopoitical Hate	ভারতের কথা আমি বলবো সারা জীবন বললেও হারামী দের কথা বলা শেষ হবে না
Geopoitical Hate	কুত্তার গলায় মুক্তোর মালা যেমন সুচির গলায় তেমন লাগে তাই ওর কাছে নোবেল পুরস্কার মানাই না 
Geopoitical Hate	ভারতের দালাল দিয়ে দেশ টা ভরে গেছে 
Geopoitical Hate	খানকির পোলাদের মাইরা ফালা,রোহিঙ্গা সব বিতাড়িত করা দরকার,
Geopoitical Hate	ভারতের দালালি যারা করে এরা ভারত চলেযাক এদের বাংলাদেশের দরকার নাই 
Geopoitical Hate	খানকিৱ পোলা ৱা শিক্ষা দীঘা কিছু নাই বলে CONDOM use কৱলো না!!!!!!
Gender abusive hate	স্বামী দুর্বল এমন কেউ সোনালী সময় নষ্ট না করে অামাকে কল করো। তোমার ভোদা চুষার জন্য সদা প্রস্তুত। 
Gender abusive hate	বাংলা দেশের মেয়েরা এতো অনেক খারাপ ছি ছি ছি 
Gender abusive hate	মেয়েরা বেকুবই হয় নতুন কিছু না হা হা হা
Gender abusive hate	মডেল না মনে হচ্ছে মাগী পাড়ার মাগী দুইটা।পঞ্চাশ একশো টাকা দিলে চোদা যাবে। 
Gender abusive hate	এই তোমাদের রেট কত ? তোমরা কি দুজনে একসাথে আসবা?
Gender abusive hate	২টারেই ফাকিং বিচ লাগতাসে, আর এই চোদনারা নাকি দেশরে রিপ্রেজেন্ট করছে
Gender abusive hate	২টার চেহারা দেইখা আমার বাসার কাজের বুয়ার কথা মনে পড়ল
Gender abusive hate	আপু তোমাকে বিদেশি গরুর মতো লাকতাছে 
Gender abusive hate	মাগির পুটকির নিছে কিতা? 
Gender abusive hate	তোর মায়ে কি ইংলিশ চোদা নাকিরে!
Gender abusive hate	নাছিরের ধন অনেক বড় তাই মেয়েটা পাগল হয়ে গেছে
Gender abusive hate	খানকি মাগি আখি আলমগির 
Gender abusive hate	মেয়ে দের লজ্জা নেই সে সবাই জানি 
Gender abusive hate	নারী বুজে চোদা। প্রবাসির মন বিজতে পারে না।
Gender abusive hate	এই মেয়ে টাকে পাছায় বারি দেয়া দরকার ছিলো। 
Gender abusive hate	খানকি কে গুদে টেন ঢুকাতে হবে 
Gender abusive hate	মেয়েরা বরো খানকী 
Gender abusive hate	এরকম নারী কে জুতা মার 
Gender abusive hate	মেয়েরা চুদার পাগল মাগির বাচ্ছা চিনাল বেডির পুরি
Gender abusive hate	আমি মাগি চুদব
Gender abusive hate	এই সব মহিলা দের কে ছবি তুলে ইচ্ছে মতো মরিচ লাগিয়ে দেন যাইগা মতো পুলিশ ভায়েরা 
Gender abusive hate	এই রকম মাগি কত যে আছে 
Gender abusive hate	এই রকম বড় মেয়েকে বিয়ে করতে হবে। দুধ খেয়ে মজা পাব।
Gender abusive hate	কমিশনার টের পাইলে তুর গুয়া দিয়া গরম ডিম দিব। 
Gender abusive hate	এই ডির বোদার মদেদ বর কালা বেগুন দিয়া এক বার ডুকান জেত আরেক বা বাহির করন জেত তখন এই ডি ঠানডা হলো নে
Gender abusive hate	মাইয়ারে পাইলে দুধ এর উপর ঘুম যাইতাম, আহা সেই মাল,
Gender abusive hate	হেতিরে মনে চাইতেছে টিপে দেই 
Gender abusive hate	পাচাও দুধ এক নামবার, তুমার জামা কুলে ফেল আরও সুন্দ হবে 
Gender abusive hate	এমন একটা পাইলে এক কম করে হলেও এক রাতে চারটি সট দিতাম 
Gender abusive hate	মালটা অনেক জটিল 
Gender abusive hate	মাল টা টিক আছে চুদলে মজা ই মজা পাওয়া যাবে 
Gender abusive hate	খানকি তোদের জন্য বাংলার যুবগয়া আজ খায়াপ বড বড দুধ আর পাছা ঢাকের রাখ মাগি
Gender abusive hate	এটা কমিশনার এর মেয়ে খানকিমাগির মেয়ে 
Gender abusive hate	মাগি যা দুধ রে , সব খুল 
Gender abusive hate	মাগির বুদা অনেক বড় 
Gender abusive hate	হায়রে মাগি কেমন করে । 
Gender abusive hate	মাগি বাজাঁরে জা টাকা পাবে বেশি করে। 
Gender abusive hate	আল্লাহ কে ভয় কর মাগি 
Gender abusive hate	ওর দুধ আর পাচা দেখেত আমার সোনা খারা হয়ে গেছে, আমি ওরে চুদলে ও অনেক খুশি হবে কারন আমি ১ ঘন্টার বেশি চুদতে পারি
Gender abusive hate	আহহ উহহ,কতো বড় বড় দুধ খালি ঝোকে মনে হয় ধরি 
Gender abusive hate	মাগির ভোদায় এতো জ্বালা কেন, 
Gender abusive hate	মাল ঠিক আছে খেলে আরাম পাওয়া যাবে সেক্সে পুরা শরীরটা ভরা
Gender abusive hate	দারুন দুধ গুলি অনেক বড়ো, আহা খাবো, কি মজা হবে? 
Gender abusive hate	তরে কত মানুষ গুয়া মারছে তা টিক নাই, দুধ দেখলে মনে হয় শুধু গুয়া মারছে না, দুধে শুনা ডুকাইচে তরে ছুধানির এক হাত নম্বা দন দিয়া গুয়া মারলে বুজতি তখন, 
Gender abusive hate	মাগির দালালের বাচছা মাগি 
Gender abusive hate	বরের চুদা পাই না।তাই এত নাচা নাচি। 
Gender abusive hate	এই মাল টা রে চোদলে মজা পাই বো 
Gender abusive hate	মাগি ও মাগিরে তুই অপরাধীরে 
Gender abusive hate	মালের দুধ দেখে মাথাই নষ্ট , যৌবনে টেলা দি
Gender abusive hate	ওড়না তো রাখনাই তাহলে কাপড় লগে রাখার কি দরকার ছিল ওটাও খুইলাই ফালাইতা 
Gender abusive hate	এ খানকি তোর গুদে কতো খিদে আমি তেকে চুবৌ
Gender abusive hate	আপনাদের মত মেয়ে দের জুতা মারা দরকার 
Gender abusive hate	এই খানকি তুই একটা বাসটেট 
Gender abusive hate	ওর গুদের মধ্য মোটা বাশ দিয়ে গূতিয়ে রক্ত বের করে দিতে হবে
Gender abusive hate	কোথাই গেলো মাগিরা সবাই বলে অসোহাই এটা কি এদের ভোদাই অনেক কামর এদের ভোদাই রড দিতে হবে ছি ছি ছি কি এরা 
Gender abusive hate	ওর বোদায় বালু ডালো আর সাবোল মারো 
Gender abusive hate	কুলাঙ্গার মহিলা
Gender abusive hate	শালীর জায়গামত মাগুর মাছ ঢুকানো উচিত 
Gender abusive hate	এরা মানুস নামের কল্নক মাগি স্বামি যত খারাপ হয় না কেন তাঁর পায়ের নিচে তুর বেহেস্ত 
Gender abusive hate	এসব কানকির বাচছা আর আর কানকির মাগী গো পাচায় বাশ ডুকানোর দরকার। 
Gender abusive hate	এরা মেয়ে নামের রক্ত পিপাসু ডাইনি এদরনের মেয়ে গুলিকে কঠিন বিচার করা হয়
Gender abusive hate	ওর বুদায় এসিট ঠেলে দেও 
Gender abusive hate	এই শালিকে একন ভাল করে চুদাতে হবে পা কাদে নিয়ে খানকি, 
Gender abusive hate	মাগির বিশাল বড় বাসের দরকার ভুল বললাম নাকি আরে তারে গুলিস্তানে রাস্তার মোড়ে উলঙ্গ করে ঘোড়ামারা উচিত
Gender abusive hate	এই মাগির ফুন্দে মরিছ দেও এবং কুফিয়ে মারো 
Gender abusive hate	এই মহিলার যউনাংগে ছুরি ডুকিয়ে মেরে ফেলা উচিত 
Gender abusive hate	ওর বোদায় বশি দিয়া বিদায়া টান দেয়া হোক 
Gender abusive hate	মাগি গুলা কইথেকে যে আসে আমি চিন্তা করে পাইনা
Gender abusive hate	এই কাংকির মেয়ে তর মার বুদার বিতরে লাল মরিস দিমু 
Gender abusive hate	তোমার মত এত সুন্দর মেয়ে কাছে পাইলে কত যে মজা করতাম। দেশ থেকে বিদেশে ঘুরতে নিয়া যাইতাম। অনেক আনন্দ করে ঘন্টার পর ঘন্ট চুদিতাম
Gender abusive hate	মাগিই তো মাগিই হয় 
Gender abusive hate	মাগীর পাচা দিয়ে বিকাশ ঢুকাইয়া দিলে ভালো হত 
Gender abusive hate	আস্তাো একটা খানকি মাগি টাকা কামানোর ধান্ধা 
Gender abusive hate	দেশটা মাগি দিয়া ভইরা গেছে 
Gender abusive hate	মাগি তো বোদায় ফসম আছে 
Gender abusive hate	মাগি ব্যাবসা লইয়া বসছে 
Gender abusive hate	এই টাকা কি তোর মাকে না বাপ কে ভাই কে বোন কে খাওয়াস মরবি না মাগি 
Gender abusive hate	ওমাগি আজ রাতে আমার কাছে আসি তোরে চুদ মোও?? 
Gender abusive hate	এর ভোদা সবাই ফাটাও
Gender abusive hate	তোর মা ও এই ভাবে ছেলেদের সাথে দুধ গুলা দেখাই দেখাই বিকাশের মাধ্যমে ছেলেদের টাকা খাইত ? 
Gender abusive hate	এই খানকি মাগি বেগুন আছে লাগবে 
Gender abusive hate	আরে নডি মাগির জাত লাইভে এসে ছেলেকে ভালো করো ভরে দিতে পারেন নাই বলে চলে গেছে।
Gender abusive hate	আমার তো মনে হয় তোর ভোদায় পানি গড়গড় করতেছে ছেলেদের সোনা ঢুকানোর জন্য।
Gender abusive hate	আমারে একটা ছেলে দেকে বিয়ে দাও।কারন আমার জালা সইতে পারিনা।মাগি কোথাকার। 
Gender abusive hate	কি আমাদের দেশ বসুন্ধরা তারি মাঝে এই খানকি মাগি হইছে আচুদা, চোদা নেওয়ার শখ বাড়ছে কুত্তা দিয়া চুদা নে চুতমারানি। 
Gender abusive hate	আস্তা একটা খানিক মাগী 
Gender abusive hate	এই গুলো খাঙ্কি মাগী 
Gender abusive hate	বেইশ্যার জন্মের ফসল মাগি। 
Gender abusive hate	এগুলা খানকি মাগি ভাই 
Gender abusive hate	খানকি মাগি তরা সমাজ টাকে নষ্ট করে ফেলতেছিস ।
Gender abusive hate	তোকে কুত্তা দিয়ে চুদাবো মাগি 
Gender abusive hate	এই সপ বেসসা পোতিতাদের মা বাপ নাই 
Gender abusive hate	তর ভোদার ভিতরে ভালো ভাবে বরে দিমু
Gender abusive hate	পতিতার মেয়ে 
Gender abusive hate	পুরা বেশ্যা মাগী 
Gender abusive hate	নষ্ট মেয়ে 
Gender abusive hate	পতিতা বৃত্তি ছেড়ে বিয়া করে সংসারী হও নয় তো জাহান্নামি 
Gender abusive hate	খানকিরা আল্লহর ভয় নাই 
Gender abusive hate	এদের মতন বেশ্যা মাগিদের জন্য সমাজে এত নুংরামী হয় 
Gender abusive hate	তুই একটা খানকিমাগী পতিতা 
Gender abusive hate	তুই হইলি মাগি আর তুর বইন সেত ডাবল মাগি তুত মা ও মাগি তুর গুস্টি সব মাগি মাগির ঘুরে মাগি তুগ সুদে বুদায়া লবন আর মরিছের ফাকি দেয়া ধরকার 
Gender abusive hate	ফালতু খানকি টাইপের মেয়ে। 
Gender abusive hate	মাগির ভুদায় অনেক চুরকানি কুত্তা দিয়ে চুদতে হবে। 
Gender abusive hate	মদ খাবো আর তোকে চুদবো।
Gender abusive hate	আরে মাগি কি করে বুদার এত জুর নাকি।
Gender abusive hate	বাবাখুর খানকির মেয়ে।
Gender abusive hate	মাগি তোর মাথায় আল্লার গজব পরুক।
Gender abusive hate	খানকি মাগিদের কি সুন্দর ব্যবসা ? 
Gender abusive hate	কাটা দিমো, তকে আমার ভালো লাগেনা আমি তর মাকে চুধ ভো, মাগি 
Gender abusive hate	কুততি তো কুততিই হবে মাগি।
Gender abusive hate	মাগি তর কি বড় ভাই নাই। তার সাথে ও ত খারাপ কাজ করতে পারিস 
Gender abusive hate	আসল মাগি।
Gender abusive hate	নোবেল প্রাপ্ত মাগি।
Gender abusive hate	মাগীর পুকটি দিয়া বিকাশ দিতে হবে?
Gender abusive hate	তোর বোদায় কাচা মরিস দিমু।
Gender abusive hate	তোমাকে কুকুর দিয়া চোদাতে হবে মাগি।
Gender abusive hate	কানকির জি।
Gender abusive hate	তোর সামাটাতে বাঁশদিয়া চোদা উচিত।
Gender abusive hate	মাগি খানকি তোর কি মা, বাবা, ভাই,বোন নাই মাগি 
Gender abusive hate	ঐ বেডি তুর বুকে পশম আছেনি?
Gender abusive hate	তোর মারে চুদি মাগি গরেরমাগি তোরেচুদি 
Gender abusive hate	তোর মাকে চুদি 
Gender abusive hate	এই মাগি আয় তরে ঘুরা দিয়ে চুদা দেওয়ায়
Gender abusive hate	আপু অনেক নিতে পারে। উফ কিভাবে এত ছেলের সাথে পারে? 
Gender abusive hate	তর মতো মেয়েদের জন্মের টিক নাই রাস্তায় জন্মেছিলে মনে হয়। 
Gender abusive hate	তোদের মত খানকির জন্য সমাজ টা শেষ।
Gender abusive hate	এগুলা রাস্তার মেয়ে।
Gender abusive hate	হিরু আলমও তরে চুদবেনা।তর মা বাবা কি পতিতার বাসিন্দা?
Gender abusive hate	টোর ভোদাতে সিল মারবো।
Gender abusive hate	তুমার কতা সিনে আমার চুদার কতা মনে পড়লো ,অনেক সুন্দর
Gender abusive hate	তর বোদা টা কালো হয়ে গেছে আমি তোমার বোদা টা দেখেছি ।
Gender abusive hate	চুতমারানি তর জন্মের ঠিক আছেরে খানকি সালি।
Gender abusive hate	তোর ত্রি সীমানায় গেলেও সবাই এইস,আইভি পজেটিভ হয়ে যাবে এত বাজে মেয়ে হয় ছিঃ
Gender abusive hate	মাগী সরম নাই সোনাটা দেখাবি মন চাইলে 
Gender abusive hate	তোরে হাতের কাছে পাইলে জুতা দিয়ে পিটাইতাম বেয়াদব মেয়ে।
Gender abusive hate	জাউরা একটা মেয়ে।
Gender abusive hate	আয় নটি মাগি তর ভুদা চুষে তকে সুখ দিব।
Gender abusive hate	মাগি তোরে চুদবো, কাম দিবি? 
Gender abusive hate	ভোদাটা কি ঠোটের মতো সুন্দর।
Gender abusive hate	চুতমারানি তোরে চুদী। কুত্তা দিয়া চোদামু 
Gender abusive hate	আপু ভুূদা চুইতে কী হয় 
Gender abusive hate	চুদার জন্য আগ্রহী কোন আপু কিংবা আন্টি থাকলে যোগাযোগ করতে পারেন। 
Gender abusive hate	ঢাকাৰ মাল চুদাছো শেমজা 
Gender abusive hate	ওরে সালি খানকি মাগি।
Gender abusive hate	এই গাই মারানি তর বাপ মার কোন পরিচয় আছে নাকি গাই মারানি
Gender abusive hate	গাই মারানি বাচ্ছা তদের সোনা দিয়া বাষ দেও দরকার 
Gender abusive hate	মা ছেলের চূদো চুদবে দিও।ধোনটা ধরে আস্তে আস্তে বের করতে হবে বের। 
Gender abusive hate	এরা দুই জন রহিংগা মাগি।
Gender abusive hate	এই মাগির তোর ভোদায় এসিড দিমু আমি আমি ছাএলীগ নেতা।
Gender abusive hate	তুই মাগি পরিচয় দিলি। তুই আসলে একটামাগি।রেট কত আমিও ছুদবো তোকে। খুব মজা পাবি। 
Gender abusive hate	তোকে চুদার বড় সক আমার,তোর সোনার বিতরে গোস্ত বেসি চুদতে মজা লাগবে,ধুদের মাজখান দিয়ে দিবো, মজা পাইবি মাগী 
Gender abusive hate	তোমরা চোদার মাগী এখন বুজলাম।
Gender abusive hate	তোরা ওরজিনিয়াল মাগির চেয়ে খারাপ। কুত্তায়া মনে হয় তোরা নিজেদের জালা মিটাস তাই এরো কম খারাপ কথা তোদের মুখ দিয়ে বের হয় বেসসা গোলা।